story,gen,ind,model,temp,valid,validation,fitness,time_llm,time_lean,sgm_sd_sum,sgm_max,lcom_avg,coupling_max
g02-federalspending.txt,1,0,gpt-4o-mini,0.5,True,,5.566000000000001,12.86,2.47,1.471,3,0.095,1
g02-federalspending.txt,1,1,gpt-4o-mini,0.5,True,,5.082,13.76,2.31,0.971,3,0.111,1
g02-federalspending.txt,1,2,gpt-4o-mini,0.5,True,,5.111000000000001,11.06,2.68,1,3,0.111,1
g02-federalspending.txt,1,3,gpt-4o-mini,0.5,True,,6.556,13.35,5.96,1.5,4,0.056,1
g02-federalspending.txt,1,4,gpt-4o-mini,0.5,True,,5.5,25.96,11.42,0.5,3,0,2
g02-federalspending.txt,1,5,gpt-4o-mini,0.5,True,,8.6,16.5,10.59,2.433,4,0.167,2
g02-federalspending.txt,1,6,gpt-4o-mini,0.5,True,,6.665,18.73,6.46,2.443,3,0.222,1
g02-federalspending.txt,1,7,gpt-4o-mini,0.5,True,,7.056,17.64,4.55,1,4,0.056,2
g02-federalspending.txt,1,8,gpt-4o-mini,0.5,False,Unknown callee: Notification,1000028.0,13.75,4.05,,,,
g02-federalspending.txt,1,9,gpt-4o-mini,0.5,True,,6.133,15.32,2.55,1.943,3,0.19,1
g02-federalspending.txt,2,0,gpt-4o-mini,0.5,True,,5.038,11.75,3.53,0.943,3,0.095,1
g02-federalspending.txt,2,1,gpt-4o-mini,0.5,True,,7.165,11.87,5.29,0.971,4,0.194,2
g02-federalspending.txt,2,2,gpt-4o-mini,0.5,True,,4.971,20.64,2.17,0.971,3,0,1
g02-federalspending.txt,2,3,gpt-4o-mini,0.5,True,,8.15,10.85,2.16,0.99,5,0.16,2
g02-federalspending.txt,2,4,gpt-4o-mini,0.5,False,Unknown callee: Notification,1000028.0,11.26,2.27,1.943,3,0.19,1
g02-federalspending.txt,2,0,gpt-4o-mini,0.5,True,,5.082,14.02,2.12,0.971,3,0.111,1
g02-federalspending.txt,2,1,gpt-4o-mini,0.5,True,,7.665,16.71,15.99,2.443,3,0.222,2
g02-federalspending.txt,2,2,gpt-4o-mini,0.5,True,,5.111000000000001,14.63,5.27,1,3,0.111,1
g02-federalspending.txt,2,3,gpt-4o-mini,0.5,True,,8.138,13.98,2.07,2.876,4,0.262,1
g02-federalspending.txt,2,4,gpt-4o-mini,0.5,True,,7.303,12.82,2.11,1.914,3,0.389,2
g02-federalspending.txt,3,0,gpt-4o-mini,0.5,True,,8.138,11.26,2.13,1.971,4,0.167,2
g02-federalspending.txt,3,1,gpt-4o-mini,0.5,True,,5.165,11.08,2.35,0.943,3,0.222,1
g02-federalspending.txt,3,2,gpt-4o-mini,0.5,True,,7.247,14.48,4.95,1.914,3,0.333,2
g02-federalspending.txt,3,3,gpt-4o-mini,0.5,True,,5.111000000000001,14.12,3.75,1,3,0.111,1
g02-federalspending.txt,3,4,gpt-4o-mini,0.5,True,,5.665,11.79,4.25,1.443,3,0.222,1
g02-federalspending.txt,3,0,gpt-4o-mini,0.5,True,,4.971,13.57,3.43,0.971,3,0,1
g02-federalspending.txt,3,1,gpt-4o-mini,0.5,True,,4.471,16.81,2.48,0.471,3,0,1
g02-federalspending.txt,3,2,gpt-4o-mini,0.5,True,,5.604,17.05,3.0,1.414,3,0.19,1
g02-federalspending.txt,3,3,gpt-4o-mini,0.5,True,,5.038,15.16,6.88,0.943,3,0.095,1
g02-federalspending.txt,3,4,gpt-4o-mini,0.5,True,,5.604,12.41,3.93,1.414,3,0.19,1
g02-federalspending.txt,4,0,gpt-4o-mini,0.5,True,,4.5,13.98,4.19,0.5,3,0,1
g02-federalspending.txt,4,1,gpt-4o-mini,0.5,True,,4.971,15.54,3.91,0.971,3,0,1
g02-federalspending.txt,4,2,gpt-4o-mini,0.5,True,,5.604,14.71,3.68,1.414,3,0.19,1
g02-federalspending.txt,4,3,gpt-4o-mini,0.5,True,,6.5,16.03,4.55,1.5,3,0,2
g02-federalspending.txt,4,4,gpt-4o-mini,0.5,True,,5.165,17.18,18.59,0.943,3,0.222,1
g02-federalspending.txt,4,0,gpt-4o-mini,0.5,True,,4.471,20.95,11.69,0.471,3,0,1
g02-federalspending.txt,4,1,gpt-4o-mini,0.5,True,,4.471,21.85,17.63,0.471,3,0,1
g02-federalspending.txt,4,2,gpt-4o-mini,0.5,True,,4.471,17.38,8.63,0.471,3,0,1
g02-federalspending.txt,4,3,gpt-4o-mini,0.5,True,,4.471,15.82,11.83,0.471,3,0,1
g02-federalspending.txt,4,4,gpt-4o-mini,0.5,True,,4.471,20.15,3.92,0.471,3,0,1
g02-federalspending.txt,5,0,gpt-4o-mini,0.5,True,,4.471,14.35,5.7,0.471,3,0,1
g02-federalspending.txt,5,1,gpt-4o-mini,0.5,True,,4.471,16.96,5.71,0.471,3,0,1
g02-federalspending.txt,5,2,gpt-4o-mini,0.5,True,,5.5,19.59,2.25,1.5,3,0,1
g02-federalspending.txt,5,3,gpt-4o-mini,0.5,True,,4.471,14.62,4.5,0.471,3,0,1
g02-federalspending.txt,5,4,gpt-4o-mini,0.5,True,,4.471,12.82,10.92,0.471,3,0,1
g02-federalspending.txt,5,0,gpt-4o-mini,0.5,True,,4.471,13.86,2.37,0.471,3,0,1
g02-federalspending.txt,5,1,gpt-4o-mini,0.5,True,,4.471,14.26,3.85,0.471,3,0,1
g02-federalspending.txt,5,2,gpt-4o-mini,0.5,True,,4.471,13.86,2.18,0.471,3,0,1
g02-federalspending.txt,5,3,gpt-4o-mini,0.5,True,,4.471,34.55,2.4,0.471,3,0,1
g02-federalspending.txt,5,4,gpt-4o-mini,0.5,True,,4.471,11.89,3.13,0.471,3,0,1
g03-loudoun.txt,1,0,gpt-4o-mini,0.5,True,,13.762,20.09,2.33,2.305,10,0.457,1
g03-loudoun.txt,1,1,gpt-4o-mini,0.5,False,Unknown callee: Notification,1000028.0,19.03,2.17,,,,
g03-loudoun.txt,1,2,gpt-4o-mini,0.5,False,Unknown callee: Notification,1000028.0,22.4,2.42,,,,
g03-loudoun.txt,1,3,gpt-4o-mini,0.5,True,,14.972,19.81,2.55,1.833,12,0.139,1
g03-loudoun.txt,1,4,gpt-4o-mini,0.5,False,Unknown callee: Notification,1000028.0,16.97,2.15,,,,
g03-loudoun.txt,1,5,gpt-4o-mini,0.5,True,,15.644,21.86,2.59,2.314,12,0.33,1
g03-loudoun.txt,1,6,gpt-4o-mini,0.5,True,,16.936999999999998,25.68,4.55,2.753,13,0.184,1
g03-loudoun.txt,1,7,gpt-4o-mini,0.5,True,,14.600000000000001,21.93,2.27,1.326,12,0.274,1
g03-loudoun.txt,1,8,gpt-4o-mini,0.5,True,,12.530000000000001,21.93,2.25,2.32,9,0.21,1
g03-loudoun.txt,1,9,gpt-4o-mini,0.5,True,,16.115000000000002,17.09,2.21,1.802,13,0.313,1
g03-loudoun.txt,2,0,gpt-4o-mini,0.5,True,,12.022,15.9,3.7,2.866,8,0.156,1
g03-loudoun.txt,2,1,gpt-4o-mini,0.5,True,,8.55,23.86,4.6,2.313,5,0.237,1
g03-loudoun.txt,2,2,gpt-4o-mini,0.5,True,,15.401,28.44,3.88,1.837,12,0.564,1
g03-loudoun.txt,2,3,gpt-4o-mini,0.5,True,,12.943000000000001,29.11,2.98,2.745,9,0.198,1
g03-loudoun.txt,2,4,gpt-4o-mini,0.5,True,,8.042,15.62,5.9,1.804,5,0.238,1
g03-loudoun.txt,2,0,gpt-4o-mini,0.5,True,,9.863,16.89,4.14,2.787,6,0.076,1
g03-loudoun.txt,2,1,gpt-4o-mini,0.5,True,,9.958,18.82,2.26,2.758,6,0.2,1
g03-loudoun.txt,2,2,gpt-4o-mini,0.5,True,,9.472000000000001,17.77,2.55,2.277,6,0.195,1
g03-loudoun.txt,2,3,gpt-4o-mini,0.5,True,,12.530000000000001,22.33,5.11,2.32,9,0.21,1
g03-loudoun.txt,2,4,gpt-4o-mini,0.5,True,,13.588000000000001,25.92,4.07,1.304,11,0.284,1
g03-loudoun.txt,3,0,gpt-4o-mini,0.5,True,,16.166,19.64,2.47,1.807,13,0.359,1
g03-loudoun.txt,3,1,gpt-4o-mini,0.5,True,,14.294,22.44,2.04,2.807,10,0.487,1
g03-loudoun.txt,3,2,gpt-4o-mini,0.5,True,,12.530000000000001,18.66,4.02,2.32,9,0.21,1
g03-loudoun.txt,3,3,gpt-4o-mini,0.5,True,,16.011,25.41,5.08,2.776,12,0.235,1
g03-loudoun.txt,3,4,gpt-4o-mini,0.5,True,,13.645999999999999,23.81,5.59,2.196,10,0.45,1
g03-loudoun.txt,3,0,gpt-4o-mini,0.5,True,,9.863,19.76,2.42,2.787,6,0.076,1
g03-loudoun.txt,3,1,gpt-4o-mini,0.5,True,,8.48,21.68,2.17,2.304,5,0.176,1
g03-loudoun.txt,3,2,gpt-4o-mini,0.5,True,,9.863,16.31,2.35,2.787,6,0.076,1
g03-loudoun.txt,3,3,gpt-4o-mini,0.5,True,,9.472000000000001,15.39,2.35,2.277,6,0.195,1
g03-loudoun.txt,3,4,gpt-4o-mini,0.5,True,,9.472000000000001,15.23,2.18,2.277,6,0.195,1
g03-loudoun.txt,4,0,gpt-4o-mini,0.5,True,,9.472000000000001,20.75,3.2,2.277,6,0.195,1
g03-loudoun.txt,4,1,gpt-4o-mini,0.5,True,,9.472000000000001,16.87,2.08,2.277,6,0.195,1
g03-loudoun.txt,4,2,gpt-4o-mini,0.5,True,,9.472000000000001,17.12,2.1,2.277,6,0.195,1
g03-loudoun.txt,4,3,gpt-4o-mini,0.5,True,,9.863,16.52,3.7,2.787,6,0.076,1
g03-loudoun.txt,4,4,gpt-4o-mini,0.5,True,,9.863,15.04,2.54,2.787,6,0.076,1
g03-loudoun.txt,4,0,gpt-4o-mini,0.5,True,,9.863,18.89,5.04,2.787,6,0.076,1
g03-loudoun.txt,4,1,gpt-4o-mini,0.5,True,,9.863,18.33,2.34,2.787,6,0.076,1
g03-loudoun.txt,4,2,gpt-4o-mini,0.5,True,,8.48,16.58,2.16,2.304,5,0.176,1
g03-loudoun.txt,4,3,gpt-4o-mini,0.5,True,,9.472000000000001,18.61,6.01,2.277,6,0.195,1
g03-loudoun.txt,4,4,gpt-4o-mini,0.5,True,,9.863,19.93,5.57,2.787,6,0.076,1
g03-loudoun.txt,5,0,gpt-4o-mini,0.5,True,,9.472000000000001,23.33,2.17,2.277,6,0.195,1
g03-loudoun.txt,5,1,gpt-4o-mini,0.5,True,,9.472000000000001,23.07,2.2,2.277,6,0.195,1
g03-loudoun.txt,5,2,gpt-4o-mini,0.5,True,,8.48,16.96,5.35,2.304,5,0.176,1
g03-loudoun.txt,5,3,gpt-4o-mini,0.5,True,,9.472000000000001,19.03,6.58,2.277,6,0.195,1
g03-loudoun.txt,5,4,gpt-4o-mini,0.5,True,,9.472000000000001,22.29,5.8,2.277,6,0.195,1
g03-loudoun.txt,5,0,gpt-4o-mini,0.5,True,,9.472000000000001,23.34,2.21,2.277,6,0.195,1
g03-loudoun.txt,5,1,gpt-4o-mini,0.5,True,,9.472000000000001,21.36,3.61,2.277,6,0.195,1
g03-loudoun.txt,5,2,gpt-4o-mini,0.5,True,,8.48,15.07,2.18,2.304,5,0.176,1
g03-loudoun.txt,5,3,gpt-4o-mini,0.5,True,,9.472000000000001,23.66,2.02,2.277,6,0.195,1
g03-loudoun.txt,5,4,gpt-4o-mini,0.5,True,,9.472000000000001,20.2,3.67,2.277,6,0.195,1
g04-recycling.txt,1,0,gpt-4o-mini,0.5,True,,13.357,18.66,2.26,2.178,9,0.179,2
g04-recycling.txt,1,1,gpt-4o-mini,0.5,True,,11.947,13.82,4.09,1.773,8,0.174,2
g04-recycling.txt,1,2,gpt-4o-mini,0.5,True,,13.116,24.18,5.84,2.767,9,0.349,1
g04-recycling.txt,1,3,gpt-4o-mini,0.5,True,,11.985,23.94,5.56,2.641,7,0.344,2
g04-recycling.txt,1,4,gpt-4o-mini,0.5,True,,10.957999999999998,20.14,2.28,1.633,8,0.325,1
g04-recycling.txt,1,5,gpt-4o-mini,0.5,True,,12.924000000000001,17.99,5.36,1.608,10,0.316,1
g04-recycling.txt,1,6,gpt-4o-mini,0.5,True,,10.897,19.34,2.09,2.738,7,0.159,1
g04-recycling.txt,1,7,gpt-4o-mini,0.5,True,,11.038,19.64,4.0,1.727,8,0.311,1
g04-recycling.txt,1,8,gpt-4o-mini,0.5,True,,9.808,20.08,5.45,1.616,7,0.192,1
g04-recycling.txt,1,9,gpt-4o-mini,0.5,True,,11.475000000000001,19.19,6.63,2.027,7,0.448,2
g04-recycling.txt,2,0,gpt-4o-mini,0.5,True,,14.949,20.63,4.1,2.611,10,0.338,2
g04-recycling.txt,2,1,gpt-4o-mini,0.5,True,,10.997,13.08,2.21,1.647,8,0.35,1
g04-recycling.txt,2,2,gpt-4o-mini,0.5,True,,15.587,18.78,4.37,2.257,10,0.33,3
g04-recycling.txt,2,3,gpt-4o-mini,0.5,True,,14.652000000000001,21.54,4.05,2.159,9,0.493,3
g04-recycling.txt,2,4,gpt-4o-mini,0.5,True,,12.669,16.55,3.78,2.462,9,0.207,1
g04-recycling.txt,2,0,gpt-4o-mini,0.5,True,,11.075000000000001,18.25,2.21,1.723,7,0.352,2
g04-recycling.txt,2,1,gpt-4o-mini,0.5,True,,10.337,22.5,2.3,2.047,7,0.29,1
g04-recycling.txt,2,2,gpt-4o-mini,0.5,True,,9.869,17.45,2.15,2.691,6,0.178,1
g04-recycling.txt,2,3,gpt-4o-mini,0.5,True,,11.475000000000001,16.03,2.06,2.027,7,0.448,2
g04-recycling.txt,2,4,gpt-4o-mini,0.5,True,,10.879999999999999,17.65,2.22,2.715,7,0.165,1
g04-recycling.txt,3,0,gpt-4o-mini,0.5,True,,8.748000000000001,15.34,2.19,2.548,5,0.2,1
g04-recycling.txt,3,1,gpt-4o-mini,0.5,True,,9.83,19.63,5.5,1.649,7,0.181,1
g04-recycling.txt,3,2,gpt-4o-mini,0.5,True,,9.773,16.07,4.91,2.579,6,0.194,1
g04-recycling.txt,3,3,gpt-4o-mini,0.5,True,,12.766,16.22,2.27,2.304,8,0.462,2
g04-recycling.txt,3,4,gpt-4o-mini,0.5,True,,12.216000000000001,17.07,5.57,1.884,8,0.332,2
g04-recycling.txt,3,0,gpt-4o-mini,0.5,True,,8.043,15.96,6.3,1.69,5,0.353,1
g04-recycling.txt,3,1,gpt-4o-mini,0.5,True,,11.075000000000001,17.78,2.91,1.723,7,0.352,2
g04-recycling.txt,3,2,gpt-4o-mini,0.5,True,,9.869,18.76,5.65,2.691,6,0.178,1
g04-recycling.txt,3,3,gpt-4o-mini,0.5,True,,9.043,19.52,4.45,1.69,5,0.353,2
g04-recycling.txt,3,4,gpt-4o-mini,0.5,True,,8.483,17.45,6.26,2.11,5,0.373,1
g04-recycling.txt,4,0,gpt-4o-mini,0.5,True,,8.043,15.05,3.7,1.69,5,0.353,1
g04-recycling.txt,4,1,gpt-4o-mini,0.5,True,,9.154,15.92,4.69,2.841,5,0.313,1
g04-recycling.txt,4,2,gpt-4o-mini,0.5,True,,9.869,16.22,3.8,2.691,6,0.178,1
g04-recycling.txt,4,3,gpt-4o-mini,0.5,True,,8.977,19.97,6.27,1.644,6,0.333,1
g04-recycling.txt,4,4,gpt-4o-mini,0.5,True,,9.814,18.53,6.3,2.62,6,0.194,1
g04-recycling.txt,4,0,gpt-4o-mini,0.5,True,,8.748000000000001,25.33,5.74,2.548,5,0.2,1
g04-recycling.txt,4,1,gpt-4o-mini,0.5,True,,8.707,18.23,6.14,2.507,5,0.2,1
g04-recycling.txt,4,2,gpt-4o-mini,0.5,True,,8.707,15.95,5.73,2.507,5,0.2,1
g04-recycling.txt,4,3,gpt-4o-mini,0.5,True,,8.707,16.73,5.71,2.507,5,0.2,1
g04-recycling.txt,4,4,gpt-4o-mini,0.5,True,,8.707,18.56,5.61,2.507,5,0.2,1
g04-recycling.txt,5,0,gpt-4o-mini,0.5,True,,7.984,15.34,2.17,1.69,5,0.294,1
g04-recycling.txt,5,1,gpt-4o-mini,0.5,True,,8.707,16.74,5.82,2.507,5,0.2,1
g04-recycling.txt,5,2,gpt-4o-mini,0.5,True,,8.707,19.35,9.5,2.507,5,0.2,1
g04-recycling.txt,5,3,gpt-4o-mini,0.5,True,,8.707,14.63,2.25,2.507,5,0.2,1
g04-recycling.txt,5,4,gpt-4o-mini,0.5,True,,8.748000000000001,18.6,2.2,2.548,5,0.2,1
g04-recycling.txt,5,0,gpt-4o-mini,0.5,True,,8.043,17.65,5.97,1.69,5,0.353,1
g04-recycling.txt,5,1,gpt-4o-mini,0.5,True,,8.707,19.4,5.94,2.507,5,0.2,1
g04-recycling.txt,5,2,gpt-4o-mini,0.5,True,,8.707,18.59,5.95,2.507,5,0.2,1
g04-recycling.txt,5,3,gpt-4o-mini,0.5,True,,8.707,17.35,6.9,2.507,5,0.2,1
g04-recycling.txt,5,4,gpt-4o-mini,0.5,True,,7.984,14.73,5.61,1.69,5,0.294,1
g05-openspending.txt,1,0,gpt-4o-mini,0.5,True,,11.829,15.0,9.6,2.396,8,0.433,1
g05-openspending.txt,1,1,gpt-4o-mini,0.5,False,Unknown callee: Notification,1000028.0,16.28,2.02,,,,
g05-openspending.txt,1,2,gpt-4o-mini,0.5,False,"JSON parse error: Genotype.microservices: expected JSON array, got 'null'",1000073.0,17.27,2.73,,,,
g05-openspending.txt,1,3,gpt-4o-mini,0.5,False,Unknown callee: Notification,1000028.0,17.86,6.15,,,,
g05-openspending.txt,1,4,gpt-4o-mini,0.5,True,,14.825,16.65,5.46,1.504,12,0.321,1
g05-openspending.txt,1,5,gpt-4o-mini,0.5,False,Unknown callee: Notification,1000028.0,17.81,4.87,,,,
g05-openspending.txt,1,6,gpt-4o-mini,0.5,True,,10.446,17.75,5.59,2.143,7,0.303,1
g05-openspending.txt,1,7,gpt-4o-mini,0.5,False,Unknown callee: Notification,1000028.0,18.85,5.49,,,,
g05-openspending.txt,1,8,gpt-4o-mini,0.5,True,,11.045,11.43,2.18,1.466,7,0.579,2
g05-openspending.txt,1,9,gpt-4o-mini,0.5,True,,12.2,13.26,5.43,1.585,8,0.615,2
g05-openspending.txt,2,0,gpt-4o-mini,0.5,False,Unknown callee: Notification,1000028.0,11.37,4.37,2.143,7,0.303,1
g05-openspending.txt,2,1,gpt-4o-mini,0.5,False,Unknown callee: Notification,1000028.0,12.72,2.28,1.466,7,0.579,2
g05-openspending.txt,2,2,gpt-4o-mini,0.5,False,Unknown callee: Notification,1000028.0,19.84,4.9,2.396,8,0.433,1
g05-openspending.txt,2,3,gpt-4o-mini,0.5,True,,10.924,15.13,2.56,2.35,7,0.574,1
g05-openspending.txt,2,4,gpt-4o-mini,0.5,True,,10.584,18.75,2.22,2.146,7,0.438,1
g05-openspending.txt,2,0,gpt-4o-mini,0.5,True,,11.829,14.51,4.32,2.396,8,0.433,1
g05-openspending.txt,2,1,gpt-4o-mini,0.5,True,,12.177999999999999,15.73,3.79,1.565,8,0.613,2
g05-openspending.txt,2,2,gpt-4o-mini,0.5,True,,15.349,18.88,2.67,2.043,12,0.306,1
g05-openspending.txt,2,3,gpt-4o-mini,0.5,True,,11.543,10.8,3.9,1.956,7,0.587,2
g05-openspending.txt,2,4,gpt-4o-mini,0.5,True,,14.283,17.85,2.38,1.984,11,0.299,1
g05-openspending.txt,3,0,gpt-4o-mini,0.5,True,,10.65,19.55,4.55,2.09,7,0.56,1
g05-openspending.txt,3,1,gpt-4o-mini,0.5,False,Unknown callee: Notification,1000028.0,15.65,4.21,2.35,7,0.574,1
g05-openspending.txt,3,2,gpt-4o-mini,0.5,True,,11.55,18.01,2.39,1.938,7,0.612,2
g05-openspending.txt,3,3,gpt-4o-mini,0.5,True,,11.829,23.98,5.96,2.396,8,0.433,1
g05-openspending.txt,3,4,gpt-4o-mini,0.5,True,,12.177999999999999,16.17,5.85,1.565,8,0.613,2
g05-openspending.txt,3,0,gpt-4o-mini,0.5,True,,11.543,24.95,9.99,1.956,7,0.587,2
g05-openspending.txt,3,1,gpt-4o-mini,0.5,True,,10.924,20.7,6.66,2.35,7,0.574,1
g05-openspending.txt,3,2,gpt-4o-mini,0.5,True,,11.543,16.97,8.4,1.956,7,0.587,2
g05-openspending.txt,3,3,gpt-4o-mini,0.5,True,,11.829,17.98,5.84,2.396,8,0.433,1
g05-openspending.txt,3,4,gpt-4o-mini,0.5,True,,10.924,15.72,4.31,2.35,7,0.574,1
g05-openspending.txt,4,0,gpt-4o-mini,0.5,False,Unknown callee: Notification,1000028.0,14.52,4.2,2.09,7,0.56,1
g05-openspending.txt,4,1,gpt-4o-mini,0.5,True,,10.924,16.75,9.09,2.35,7,0.574,1
g05-openspending.txt,4,2,gpt-4o-mini,0.5,True,,10.924,17.95,3.96,2.35,7,0.574,1
g05-openspending.txt,4,3,gpt-4o-mini,0.5,True,,11.543,19.95,4.61,1.956,7,0.587,2
g05-openspending.txt,4,4,gpt-4o-mini,0.5,True,,11.543,20.0,8.38,1.956,7,0.587,2
g05-openspending.txt,4,0,gpt-4o-mini,0.5,True,,11.673,15.15,4.13,2.161,7,0.512,2
g05-openspending.txt,4,1,gpt-4o-mini,0.5,True,,11.967,19.77,4.09,2.35,7,0.617,2
g05-openspending.txt,4,2,gpt-4o-mini,0.5,True,,10.66,17.24,4.05,2.09,7,0.57,1
g05-openspending.txt,4,3,gpt-4o-mini,0.5,True,,11.661,17.39,2.35,2.071,7,0.59,2
g05-openspending.txt,4,4,gpt-4o-mini,0.5,True,,10.66,12.37,2.33,2.09,7,0.57,1
g05-openspending.txt,5,0,gpt-4o-mini,0.5,True,,11.631,19.62,2.3,2.061,7,0.57,2
g05-openspending.txt,5,1,gpt-4o-mini,0.5,True,,10.66,12.09,3.53,2.09,7,0.57,1
g05-openspending.txt,5,2,gpt-4o-mini,0.5,True,,10.924,14.01,2.03,2.35,7,0.574,1
g05-openspending.txt,5,3,gpt-4o-mini,0.5,True,,10.924,15.46,4.2,2.35,7,0.574,1
g05-openspending.txt,5,4,gpt-4o-mini,0.5,True,,11.748,18.63,4.03,2.161,7,0.587,2
g05-openspending.txt,5,0,gpt-4o-mini,0.5,True,,9.143,16.87,3.86,2.596,5,0.547,1
g05-openspending.txt,5,1,gpt-4o-mini,0.5,True,,8.645,20.13,6.12,2.138,5,0.507,1
g05-openspending.txt,5,2,gpt-4o-mini,0.5,True,,10.66,19.33,4.32,2.09,7,0.57,1
g05-openspending.txt,5,3,gpt-4o-mini,0.5,True,,8.645,15.59,8.14,2.138,5,0.507,1
g05-openspending.txt,5,4,gpt-4o-mini,0.5,True,,10.66,14.86,6.89,2.09,7,0.57,1
g08-frictionless.txt,1,0,gpt-4o-mini,0.5,True,,17.233,14.02,7.13,0.984,13,0.249,3
g08-frictionless.txt,1,1,gpt-4o-mini,0.5,True,,17.009,12.24,3.79,0.873,12,0.136,4
g08-frictionless.txt,1,2,gpt-4o-mini,0.5,True,,14.1,14.69,4.19,0,12,0.1,2
g08-frictionless.txt,1,3,gpt-4o-mini,0.5,True,,18.105999999999998,22.24,4.15,0.893,15,0.213,2
g08-frictionless.txt,1,4,gpt-4o-mini,0.5,True,,14.042,16.38,17.71,0.861,11,0.181,2
g08-frictionless.txt,1,5,gpt-4o-mini,0.5,True,,7.550000000000001,8.13,2.44,0.4,5,0.15,2
g08-frictionless.txt,1,6,gpt-4o-mini,0.5,True,,9.556000000000001,7.66,2.11,1.373,6,0.183,2
g08-frictionless.txt,1,7,gpt-4o-mini,0.5,True,,19.063,19.65,5.52,0.496,16,0.567,2
g08-frictionless.txt,1,8,gpt-4o-mini,0.5,True,,7.587000000000001,12.15,3.78,0.4,5,0.187,2
g08-frictionless.txt,1,9,gpt-4o-mini,0.5,True,,15.215,13.95,4.26,0.857,13,0.358,1
g08-frictionless.txt,2,0,gpt-4o-mini,0.5,True,,8.826,9.66,3.7,1.343,5,0.483,2
g08-frictionless.txt,2,1,gpt-4o-mini,0.5,True,,16.682000000000002,12.99,1.95,0.497,15,0.185,1
g08-frictionless.txt,2,2,gpt-4o-mini,0.5,True,,15.713,20.49,6.41,0.421,13,0.292,2
g08-frictionless.txt,2,3,gpt-4o-mini,0.5,True,,17.631,22.02,6.3,0.484,16,0.147,1
g08-frictionless.txt,2,4,gpt-4o-mini,0.5,True,,9.183,14.41,9.04,0.943,6,0.24,2
g08-frictionless.txt,2,0,gpt-4o-mini,0.5,True,,16.653,18.24,7.77,0.4,12,0.253,4
g08-frictionless.txt,2,1,gpt-4o-mini,0.5,True,,8.077,14.16,9.13,0.89,5,0.187,2
g08-frictionless.txt,2,2,gpt-4o-mini,0.5,True,,8.093,14.97,6.39,0.8,5,0.293,2
g08-frictionless.txt,2,3,gpt-4o-mini,0.5,True,,7.627000000000001,17.82,6.39,0.4,5,0.227,2
g08-frictionless.txt,2,4,gpt-4o-mini,0.5,True,,8.127,16.28,9.16,0.9,5,0.227,2
g08-frictionless.txt,3,0,gpt-4o-mini,0.5,True,,8.127,11.77,6.26,0.9,5,0.227,2
g08-frictionless.txt,3,1,gpt-4o-mini,0.5,True,,9.087,12.86,5.84,0.9,6,0.187,2
g08-frictionless.txt,3,2,gpt-4o-mini,0.5,True,,15.55,14.84,8.94,0.4,12,0.15,3
g08-frictionless.txt,3,3,gpt-4o-mini,0.5,True,,7.556,11.82,4.29,0.4,5,0.156,2
g08-frictionless.txt,3,4,gpt-4o-mini,0.5,True,,18.348,23.83,7.13,0.979,16,0.369,1
g08-frictionless.txt,3,0,gpt-4o-mini,0.5,True,,7.627000000000001,20.16,6.63,0.4,5,0.227,2
g08-frictionless.txt,3,1,gpt-4o-mini,0.5,True,,8.077,13.95,6.08,0.89,5,0.187,2
g08-frictionless.txt,3,2,gpt-4o-mini,0.5,True,,8.644,12.92,6.46,1.271,5,0.373,2
g08-frictionless.txt,3,3,gpt-4o-mini,0.5,True,,8.117,16.28,6.77,0.89,5,0.227,2
g08-frictionless.txt,3,4,gpt-4o-mini,0.5,True,,8.046,17.39,9.45,0.89,5,0.156,2
g08-frictionless.txt,4,0,gpt-4o-mini,0.5,True,,8.183,9.46,5.73,0.9,5,0.283,2
g08-frictionless.txt,4,1,gpt-4o-mini,0.5,True,,8.107,15.0,4.2,0.8,5,0.307,2
g08-frictionless.txt,4,2,gpt-4o-mini,0.5,True,,8.046,16.24,15.81,0.89,5,0.156,2
g08-frictionless.txt,4,3,gpt-4o-mini,0.5,True,,8.077,18.32,8.77,0.89,5,0.187,2
g08-frictionless.txt,4,4,gpt-4o-mini,0.5,True,,8.077,17.0,6.56,0.89,5,0.187,2
g08-frictionless.txt,4,0,gpt-4o-mini,0.5,True,,7.589,12.87,2.15,0.4,5,0.189,2
g08-frictionless.txt,4,1,gpt-4o-mini,0.5,True,,8.077,12.69,4.46,0.89,5,0.187,2
g08-frictionless.txt,4,2,gpt-4o-mini,0.5,True,,8.077,15.31,2.44,0.89,5,0.187,2
g08-frictionless.txt,4,3,gpt-4o-mini,0.5,True,,7.589,14.73,4.36,0.4,5,0.189,2
g08-frictionless.txt,4,4,gpt-4o-mini,0.5,True,,7.589,11.62,5.17,0.4,5,0.189,2
g08-frictionless.txt,5,0,gpt-4o-mini,0.5,True,,7.589,14.16,4.15,0.4,5,0.189,2
g08-frictionless.txt,5,1,gpt-4o-mini,0.5,True,,7.589,19.53,4.41,0.4,5,0.189,2
g08-frictionless.txt,5,2,gpt-4o-mini,0.5,True,,7.589,13.68,2.31,0.4,5,0.189,2
g08-frictionless.txt,5,3,gpt-4o-mini,0.5,True,,8.046,13.95,2.2,0.89,5,0.156,2
g08-frictionless.txt,5,4,gpt-4o-mini,0.5,True,,8.077,20.95,2.01,0.89,5,0.187,2
g08-frictionless.txt,5,0,gpt-4o-mini,0.5,True,,7.556,14.1,2.01,0.4,5,0.156,2
g08-frictionless.txt,5,1,gpt-4o-mini,0.5,True,,7.589,11.4,2.05,0.4,5,0.189,2
g08-frictionless.txt,5,2,gpt-4o-mini,0.5,True,,8.589,12.81,2.0,0.4,6,0.189,2
g08-frictionless.txt,5,3,gpt-4o-mini,0.5,True,,8.589,12.41,2.15,0.4,6,0.189,2
g08-frictionless.txt,5,4,gpt-4o-mini,0.5,True,,7.589,13.83,2.08,0.4,5,0.189,2
g10-scrumalliance.txt,1,0,gpt-4o-mini,0.5,True,,10.406,19.72,1.96,1.962,7,0.444,1
g10-scrumalliance.txt,1,1,gpt-4o-mini,0.5,True,,12.272,24.65,2.15,3.834,7,0.438,1
g10-scrumalliance.txt,1,2,gpt-4o-mini,0.5,True,,13.825,18.15,2.19,4.327,8,0.498,1
g10-scrumalliance.txt,1,3,gpt-4o-mini,0.5,True,,14.168,15.58,2.14,4.733,7,0.435,2
g10-scrumalliance.txt,1,4,gpt-4o-mini,0.5,False,Unknown callee: Notification,1000028.0,17.69,2.05,,,,
g10-scrumalliance.txt,1,5,gpt-4o-mini,0.5,True,,10.933,13.39,2.07,3.443,6,0.49,1
g10-scrumalliance.txt,1,6,gpt-4o-mini,0.5,True,,15.465,26.41,2.26,5.973,8,0.492,1
g10-scrumalliance.txt,1,7,gpt-4o-mini,0.5,True,,14.771,21.74,2.01,4.317,5,0.454,5
g10-scrumalliance.txt,1,8,gpt-4o-mini,0.5,False,Unknown callee: Notification,1000028.0,15.93,3.46,,,,
g10-scrumalliance.txt,1,9,gpt-4o-mini,0.5,True,,10.940000000000001,16.69,2.17,2.583,7,0.357,1
g10-scrumalliance.txt,2,0,gpt-4o-mini,0.5,True,,11.455,19.08,2.05,3.998,6,0.457,1
g10-scrumalliance.txt,2,1,gpt-4o-mini,0.5,False,Unknown callee: Notification,1000028.0,18.62,2.01,3.443,6,0.49,1
g10-scrumalliance.txt,2,2,gpt-4o-mini,0.5,False,Unknown callee: Notification,1000028.0,25.48,2.0,2.583,7,0.357,1
g10-scrumalliance.txt,2,3,gpt-4o-mini,0.5,True,,15.789,21.6,2.04,4.308,10,0.481,1
g10-scrumalliance.txt,2,4,gpt-4o-mini,0.5,False,Unknown callee: Notification,1000028.0,13.65,2.03,4.327,8,0.498,1
g10-scrumalliance.txt,2,0,gpt-4o-mini,0.5,True,,13.841,20.29,2.02,4.334,8,0.507,1
g10-scrumalliance.txt,2,1,gpt-4o-mini,0.5,True,,10.864,16.8,2.12,3.345,6,0.519,1
g10-scrumalliance.txt,2,2,gpt-4o-mini,0.5,True,,10.877,14.71,2.44,2.477,7,0.4,1
g10-scrumalliance.txt,2,3,gpt-4o-mini,0.5,True,,13.786999999999999,19.25,1.96,4.289,8,0.498,1
g10-scrumalliance.txt,2,4,gpt-4o-mini,0.5,True,,9.288,15.82,2.06,2.912,5,0.376,1
g10-scrumalliance.txt,3,0,gpt-4o-mini,0.5,True,,9.288,13.88,2.07,2.912,5,0.376,1
g10-scrumalliance.txt,3,1,gpt-4o-mini,0.5,True,,10.933,13.81,2.03,3.443,6,0.49,1
g10-scrumalliance.txt,3,2,gpt-4o-mini,0.5,True,,10.406,18.96,2.21,1.962,7,0.444,1
g10-scrumalliance.txt,3,3,gpt-4o-mini,0.5,True,,9.554,14.27,2.02,2.943,5,0.611,1
g10-scrumalliance.txt,3,4,gpt-4o-mini,0.5,True,,13.825,18.8,2.07,4.327,8,0.498,1
g10-scrumalliance.txt,3,0,gpt-4o-mini,0.5,True,,10.864,16.45,2.06,3.345,6,0.519,1
g10-scrumalliance.txt,3,1,gpt-4o-mini,0.5,True,,10.864,15.35,2.05,3.345,6,0.519,1
g10-scrumalliance.txt,3,2,gpt-4o-mini,0.5,True,,10.801,15.8,1.95,4.33,5,0.471,1
g10-scrumalliance.txt,3,3,gpt-4o-mini,0.5,True,,10.831,16.19,2.31,4.217,5,0.614,1
g10-scrumalliance.txt,3,4,gpt-4o-mini,0.5,True,,11.207,15.36,2.01,4.688,5,0.519,1
g10-scrumalliance.txt,4,0,gpt-4o-mini,0.5,True,,10.940000000000001,18.28,2.14,2.583,7,0.357,1
g10-scrumalliance.txt,4,1,gpt-4o-mini,0.5,False,Unknown callee: Notification,1000028.0,17.31,2.0,2.943,5,0.611,1
g10-scrumalliance.txt,4,2,gpt-4o-mini,0.5,True,,10.406,20.36,2.02,1.962,7,0.444,1
g10-scrumalliance.txt,4,3,gpt-4o-mini,0.5,True,,10.85,16.02,2.24,4.217,5,0.633,1
g10-scrumalliance.txt,4,4,gpt-4o-mini,0.5,True,,11.014,16.99,2.08,4.566,5,0.448,1
g10-scrumalliance.txt,4,0,gpt-4o-mini,0.5,True,,9.288,16.54,2.15,2.912,5,0.376,1
g10-scrumalliance.txt,4,1,gpt-4o-mini,0.5,True,,10.85,15.47,2.02,4.217,5,0.633,1
g10-scrumalliance.txt,4,2,gpt-4o-mini,0.5,True,,9.554,15.49,2.07,2.943,5,0.611,1
g10-scrumalliance.txt,4,3,gpt-4o-mini,0.5,True,,10.85,15.97,2.02,4.217,5,0.633,1
g10-scrumalliance.txt,4,4,gpt-4o-mini,0.5,True,,9.288,13.7,2.06,2.912,5,0.376,1
g10-scrumalliance.txt,5,0,gpt-4o-mini,0.5,True,,9.288,16.24,2.25,2.912,5,0.376,1
g10-scrumalliance.txt,5,1,gpt-4o-mini,0.5,True,,9.288,14.14,2.0,2.912,5,0.376,1
g10-scrumalliance.txt,5,2,gpt-4o-mini,0.5,True,,9.554,16.76,2.17,2.943,5,0.611,1
g10-scrumalliance.txt,5,3,gpt-4o-mini,0.5,True,,8.622,12.52,2.08,2.266,5,0.356,1
g10-scrumalliance.txt,5,4,gpt-4o-mini,0.5,True,,11.207,15.28,2.15,4.688,5,0.519,1
g10-scrumalliance.txt,5,0,gpt-4o-mini,0.5,True,,10.406,15.74,2.13,1.962,7,0.444,1
g10-scrumalliance.txt,5,1,gpt-4o-mini,0.5,True,,8.122,12.69,2.15,1.766,5,0.356,1
g10-scrumalliance.txt,5,2,gpt-4o-mini,0.5,True,,8.451,13.15,2.21,2.095,5,0.356,1
g10-scrumalliance.txt,5,3,gpt-4o-mini,0.5,True,,9.288,19.32,2.37,2.912,5,0.376,1
g10-scrumalliance.txt,5,4,gpt-4o-mini,0.5,True,,9.288,16.74,2.02,2.912,5,0.376,1
g11-nsf.txt,1,0,gpt-4o-mini,0.5,True,,6.743,20.58,2.12,1.443,4,0.3,1
g11-nsf.txt,1,1,gpt-4o-mini,0.5,False,Unknown callee: Notification,1000028.0,12.98,2.02,,,,
g11-nsf.txt,1,2,gpt-4o-mini,0.5,True,,6.5809999999999995,12.94,2.09,1.414,4,0.167,1
g11-nsf.txt,1,3,gpt-4o-mini,0.5,False,Unknown callee: Notification,1000028.0,12.89,2.01,,,,
g11-nsf.txt,1,4,gpt-4o-mini,0.5,True,,7.025,15.13,2.22,1.886,4,0.139,1
g11-nsf.txt,1,5,gpt-4o-mini,0.5,False,Unknown callee: Notification,1000028.0,11.51,1.97,,,,
g11-nsf.txt,1,6,gpt-4o-mini,0.5,False,Unknown callee: Notification,1000028.0,10.91,2.21,,,,
g11-nsf.txt,1,7,gpt-4o-mini,0.5,True,,4.7669999999999995,8.79,2.06,0.5,3,0.267,1
g11-nsf.txt,1,8,gpt-4o-mini,0.5,True,,5.667,8.48,1.98,0.5,4,0.167,1
g11-nsf.txt,1,9,gpt-4o-mini,0.5,False,Unknown callee: Notification,1000028.0,15.01,2.04,,,,
g11-nsf.txt,2,0,gpt-4o-mini,0.5,True,,6.693,14.1,2.03,1.443,4,0.25,1
g11-nsf.txt,2,1,gpt-4o-mini,0.5,True,,4.133,10.23,2.26,0,3,0.133,1
g11-nsf.txt,2,2,gpt-4o-mini,0.5,True,,8.133,14.58,2.01,1,5,0.133,2
g11-nsf.txt,2,3,gpt-4o-mini,0.5,False,Unknown callee: Notification,1000028.0,10.6,2.13,1.443,4,0.3,1
g11-nsf.txt,2,4,gpt-4o-mini,0.5,True,,7.6240000000000006,12.55,2.2,1.371,5,0.253,1
g11-nsf.txt,2,0,gpt-4o-mini,0.5,True,,6.7139999999999995,9.53,2.03,1.414,4,0.3,1
g11-nsf.txt,2,1,gpt-4o-mini,0.5,True,,6.743,20.69,2.25,1.443,4,0.3,1
g11-nsf.txt,2,2,gpt-4o-mini,0.5,True,,7.948,16.15,2.62,2.809,4,0.139,1
g11-nsf.txt,2,3,gpt-4o-mini,0.5,True,,6.743,15.59,1.97,1.443,4,0.3,1
g11-nsf.txt,2,4,gpt-4o-mini,0.5,True,,6.7139999999999995,13.21,1.99,1.414,4,0.3,1
g11-nsf.txt,3,0,gpt-4o-mini,0.5,True,,6.167,8.88,2.08,1,4,0.167,1
g11-nsf.txt,3,1,gpt-4o-mini,0.5,True,,5.638,10.77,2.09,0.471,4,0.167,1
g11-nsf.txt,3,2,gpt-4o-mini,0.5,True,,7.186,11.58,2.06,1.886,4,0.3,1
g11-nsf.txt,3,3,gpt-4o-mini,0.5,True,,7.186,13.41,2.01,1.886,4,0.3,1
g11-nsf.txt,3,4,gpt-4o-mini,0.5,True,,6.743,12.27,2.02,1.443,4,0.3,1
g11-nsf.txt,3,0,gpt-4o-mini,0.5,True,,6.7139999999999995,9.84,2.02,1.414,4,0.3,1
g11-nsf.txt,3,1,gpt-4o-mini,0.5,True,,6.7139999999999995,15.4,2.21,1.414,4,0.3,1
g11-nsf.txt,3,2,gpt-4o-mini,0.5,True,,6.7139999999999995,53.26,3.76,1.414,4,0.3,1
g11-nsf.txt,3,3,gpt-4o-mini,0.5,True,,6.693,15.3,3.67,1.443,4,0.25,1
g11-nsf.txt,3,4,gpt-4o-mini,0.5,True,,6.693,11.76,4.17,1.443,4,0.25,1
g11-nsf.txt,4,0,gpt-4o-mini,0.5,False,Unknown callee: Notification,1000028.0,12.64,12.58,0.471,4,0.167,1
g11-nsf.txt,4,1,gpt-4o-mini,0.5,False,Unknown callee: Notification,1000028.0,12.63,3.79,1,4,0.167,1
g11-nsf.txt,4,2,gpt-4o-mini,0.5,True,,6.693,15.62,3.98,1.443,4,0.25,1
g11-nsf.txt,4,3,gpt-4o-mini,0.5,True,,8.104,17.87,5.56,1.843,5,0.261,1
g11-nsf.txt,4,4,gpt-4o-mini,0.5,True,,6.7139999999999995,15.09,3.73,1.414,4,0.3,1
g11-nsf.txt,4,0,gpt-4o-mini,0.5,True,,6.221,12.76,4.61,0.971,4,0.25,1
g11-nsf.txt,4,1,gpt-4o-mini,0.5,True,,6.743,17.42,5.2,1.443,4,0.3,1
g11-nsf.txt,4,2,gpt-4o-mini,0.5,True,,6.7139999999999995,14.9,3.75,1.414,4,0.3,1
g11-nsf.txt,4,3,gpt-4o-mini,0.5,True,,6.693,16.81,5.16,1.443,4,0.25,1
g11-nsf.txt,4,4,gpt-4o-mini,0.5,True,,6.693,13.28,3.64,1.443,4,0.25,1
g11-nsf.txt,5,0,gpt-4o-mini,0.5,True,,6.8759999999999994,16.26,3.91,1.443,4,0.433,1
g11-nsf.txt,5,1,gpt-4o-mini,0.5,True,,6.693,10.45,2.24,1.443,4,0.25,1
g11-nsf.txt,5,2,gpt-4o-mini,0.5,True,,6.693,17.34,3.65,1.443,4,0.25,1
g11-nsf.txt,5,3,gpt-4o-mini,0.5,True,,6.743,15.01,2.28,1.443,4,0.3,1
g11-nsf.txt,5,4,gpt-4o-mini,0.5,True,,6.7139999999999995,13.68,6.96,1.414,4,0.3,1
g11-nsf.txt,5,0,gpt-4o-mini,0.5,True,,6.693,20.28,6.38,1.443,4,0.25,1
g11-nsf.txt,5,1,gpt-4o-mini,0.5,True,,7.2749999999999995,17.14,4.0,1.914,4,0.361,1
g11-nsf.txt,5,2,gpt-4o-mini,0.5,True,,6.693,17.86,6.79,1.443,4,0.25,1
g11-nsf.txt,5,3,gpt-4o-mini,0.5,True,,6.693,14.5,6.22,1.443,4,0.25,1
g11-nsf.txt,5,4,gpt-4o-mini,0.5,True,,6.7139999999999995,12.53,5.77,1.414,4,0.3,1
g12-camperplus.txt,1,0,gpt-4o-mini,0.5,True,,12.206,25.1,3.93,1.984,9,0.222,1
g12-camperplus.txt,1,1,gpt-4o-mini,0.5,True,,12.687999999999999,21.78,4.58,1.453,10,0.235,1
g12-camperplus.txt,1,2,gpt-4o-mini,0.5,True,,17.495,25.79,8.67,2.133,14,0.362,1
g12-camperplus.txt,1,3,gpt-4o-mini,0.5,True,,14.651,24.05,18.28,2.329,11,0.322,1
g12-camperplus.txt,1,4,gpt-4o-mini,0.5,True,,20.157,74.9,77.23,1.792,16,0.365,2
g12-camperplus.txt,1,5,gpt-4o-mini,0.5,True,,13.85,28.92,12.9,1.402,11,0.448,1
g12-camperplus.txt,1,6,gpt-4o-mini,0.5,True,,13.923,20.13,17.36,2.64,10,0.283,1
g12-camperplus.txt,1,7,gpt-4o-mini,0.5,True,,15.769,45.88,9.26,1.432,13,0.337,1
g12-camperplus.txt,1,8,gpt-4o-mini,0.5,True,,12.695,24.31,5.38,2.455,9,0.24,1
g12-camperplus.txt,1,9,gpt-4o-mini,0.5,True,,18.574,31.1,6.53,1.863,14,0.711,2
g12-camperplus.txt,2,0,gpt-4o-mini,0.5,True,,13.337,19.16,6.7,1.943,10,0.394,1
g12-camperplus.txt,2,1,gpt-4o-mini,0.5,True,,17.449,28.3,2.19,1.966,14,0.483,1
g12-camperplus.txt,2,2,gpt-4o-mini,0.5,False,Unknown callee: Notification,1000028.0,23.65,4.18,2.455,9,0.24,1
g12-camperplus.txt,2,3,gpt-4o-mini,0.5,True,,18.46,23.5,4.11,2.052,15,0.408,1
g12-camperplus.txt,2,4,gpt-4o-mini,0.5,True,,19.738999999999997,28.0,8.14,1.531,17,0.208,1
g12-camperplus.txt,2,0,gpt-4o-mini,0.5,True,,7.77,16.88,2.36,1.47,5,0.3,1
g12-camperplus.txt,2,1,gpt-4o-mini,0.5,True,,7.737,15.01,2.07,1.47,5,0.267,1
g12-camperplus.txt,2,2,gpt-4o-mini,0.5,True,,8.761,12.16,4.28,2.441,5,0.32,1
g12-camperplus.txt,2,3,gpt-4o-mini,0.5,True,,7.737,14.08,2.24,1.47,5,0.267,1
g12-camperplus.txt,2,4,gpt-4o-mini,0.5,True,,12.703,24.32,3.65,2.453,9,0.25,1
g12-camperplus.txt,3,0,gpt-4o-mini,0.5,True,,7.737,16.74,2.83,1.47,5,0.267,1
g12-camperplus.txt,3,1,gpt-4o-mini,0.5,True,,7.763,13.48,2.34,1.48,5,0.283,1
g12-camperplus.txt,3,2,gpt-4o-mini,0.5,True,,7.77,16.33,3.87,1.47,5,0.3,1
g12-camperplus.txt,3,3,gpt-4o-mini,0.5,True,,9.208,14.95,2.07,2.941,5,0.267,1
g12-camperplus.txt,3,4,gpt-4o-mini,0.5,True,,8.708,19.93,5.71,2.441,5,0.267,1
g12-camperplus.txt,3,0,gpt-4o-mini,0.5,True,,7.77,19.01,3.78,1.47,5,0.3,1
g12-camperplus.txt,3,1,gpt-4o-mini,0.5,True,,8.708,18.08,3.44,2.441,5,0.267,1
g12-camperplus.txt,3,2,gpt-4o-mini,0.5,True,,12.703,17.38,4.04,2.453,9,0.25,1
g12-camperplus.txt,3,3,gpt-4o-mini,0.5,True,,7.737,15.05,2.04,1.47,5,0.267,1
g12-camperplus.txt,3,4,gpt-4o-mini,0.5,True,,8.17,23.36,2.74,1.941,5,0.229,1
g12-camperplus.txt,4,0,gpt-4o-mini,0.5,True,,8.767,14.78,4.46,1.5,6,0.267,1
g12-camperplus.txt,4,1,gpt-4o-mini,0.5,True,,7.737,13.62,3.77,1.47,5,0.267,1
g12-camperplus.txt,4,2,gpt-4o-mini,0.5,True,,7.72,12.51,2.15,1.47,5,0.25,1
g12-camperplus.txt,4,3,gpt-4o-mini,0.5,True,,9.738999999999999,17.72,4.32,1.49,7,0.249,1
g12-camperplus.txt,4,4,gpt-4o-mini,0.5,True,,7.77,17.85,8.82,1.47,5,0.3,1
g12-camperplus.txt,4,0,gpt-4o-mini,0.5,True,,7.763,14.52,4.64,1.48,5,0.283,1
g12-camperplus.txt,4,1,gpt-4o-mini,0.5,True,,7.737,15.31,2.5,1.47,5,0.267,1
g12-camperplus.txt,4,2,gpt-4o-mini,0.5,True,,8.733,19.38,3.99,1.461,6,0.272,1
g12-camperplus.txt,4,3,gpt-4o-mini,0.5,True,,7.737,20.08,6.47,1.47,5,0.267,1
g12-camperplus.txt,4,4,gpt-4o-mini,0.5,True,,7.737,13.15,2.36,1.47,5,0.267,1
g12-camperplus.txt,5,0,gpt-4o-mini,0.5,True,,8.769,17.38,5.49,1.48,6,0.289,1
g12-camperplus.txt,5,1,gpt-4o-mini,0.5,True,,7.737,17.7,6.69,1.47,5,0.267,1
g12-camperplus.txt,5,2,gpt-4o-mini,0.5,True,,7.737,18.73,12.62,1.47,5,0.267,1
g12-camperplus.txt,5,3,gpt-4o-mini,0.5,True,,7.737,19.76,5.15,1.47,5,0.267,1
g12-camperplus.txt,5,4,gpt-4o-mini,0.5,True,,7.737,16.05,4.39,1.47,5,0.267,1
g12-camperplus.txt,5,0,gpt-4o-mini,0.5,True,,7.72,17.74,4.15,1.47,5,0.25,1
g12-camperplus.txt,5,1,gpt-4o-mini,0.5,True,,7.737,15.12,6.63,1.47,5,0.267,1
g12-camperplus.txt,5,2,gpt-4o-mini,0.5,True,,7.72,12.62,2.06,1.47,5,0.25,1
g12-camperplus.txt,5,3,gpt-4o-mini,0.5,True,,7.737,12.02,1.99,1.47,5,0.267,1
g12-camperplus.txt,5,4,gpt-4o-mini,0.5,True,,7.72,12.4,2.37,1.47,5,0.25,1
g13-planningpoker.txt,1,0,gpt-4o-mini,0.5,False,Unknown callee: Notification,1000028.0,19.07,4.44,,,,
g13-planningpoker.txt,1,1,gpt-4o-mini,0.5,False,Unknown callee: Notification,1000028.0,19.32,2.32,,,,
g13-planningpoker.txt,1,2,gpt-4o-mini,0.5,False,Unknown callee: Notification,1000028.0,22.45,4.41,,,,
g13-planningpoker.txt,1,3,gpt-4o-mini,0.5,False,Unknown callee: Notification,1000028.0,29.35,2.0,,,,
g13-planningpoker.txt,1,4,gpt-4o-mini,0.5,True,,24.37,26.27,9.49,2.216,20,0.154,2
g13-planningpoker.txt,1,5,gpt-4o-mini,0.5,False,Unknown callee: Notification,1000028.0,31.02,28.15,,,,
g13-planningpoker.txt,1,6,gpt-4o-mini,0.5,True,,24.757,45.67,4.61,2.6,20,0.157,2
g13-planningpoker.txt,1,7,gpt-4o-mini,0.5,False,Unknown callee: Notification,1000028.0,19.21,6.59,,,,
g13-planningpoker.txt,1,8,gpt-4o-mini,0.5,False,Unknown callee: Notification,1000028.0,26.13,9.25,,,,
g13-planningpoker.txt,1,9,gpt-4o-mini,0.5,False,Unknown callee: Notification,1000028.0,26.65,4.1,,,,
g13-planningpoker.txt,2,0,gpt-4o-mini,0.5,True,,24.843,20.48,4.49,2.397,20,0.446,2
g13-planningpoker.txt,2,1,gpt-4o-mini,0.5,False,Unknown callee: Notification,1000028.0,25.79,4.12,2.6,20,0.157,2
g13-planningpoker.txt,2,2,gpt-4o-mini,0.5,False,Unknown callee: Notification,1000028.0,23.93,7.11,,,,
g13-planningpoker.txt,2,3,gpt-4o-mini,0.5,True,,24.413,28.84,3.79,2.259,20,0.154,2
g13-planningpoker.txt,2,4,gpt-4o-mini,0.5,False,Unknown callee: Notification,1000028.0,32.11,2.28,,,,
g13-planningpoker.txt,2,0,gpt-4o-mini,0.5,False,Unknown callee: Notification,1000028.0,19.49,5.34,,,,
g13-planningpoker.txt,2,1,gpt-4o-mini,0.5,True,,24.757,31.13,11.27,2.6,20,0.157,2
g13-planningpoker.txt,2,2,gpt-4o-mini,0.5,True,,22.988,19.79,4.96,1.764,20,0.224,1
g13-planningpoker.txt,2,3,gpt-4o-mini,0.5,True,,9.615,24.71,6.53,2.475,5,0.14,2
g13-planningpoker.txt,2,4,gpt-4o-mini,0.5,True,,8.928,17.92,6.6,2.708,5,0.22,1
g13-planningpoker.txt,3,0,gpt-4o-mini,0.5,True,,9.665,28.34,12.34,2.508,5,0.157,2
g13-planningpoker.txt,3,1,gpt-4o-mini,0.5,True,,9.725,18.48,5.23,2.645,5,0.08,2
g13-planningpoker.txt,3,2,gpt-4o-mini,0.5,True,,24.645,20.8,5.17,2.389,20,0.256,2
g13-planningpoker.txt,3,3,gpt-4o-mini,0.5,True,,24.501,20.4,5.31,2.236,20,0.265,2
g13-planningpoker.txt,3,4,gpt-4o-mini,0.5,True,,9.658,22.05,4.13,2.475,5,0.183,2
g13-planningpoker.txt,3,0,gpt-4o-mini,0.5,True,,8.928,15.98,3.9,2.708,5,0.22,1
g13-planningpoker.txt,3,1,gpt-4o-mini,0.5,True,,8.928,19.23,3.81,2.708,5,0.22,1
g13-planningpoker.txt,3,2,gpt-4o-mini,0.5,True,,9.524999999999999,19.65,3.35,2.385,5,0.14,2
g13-planningpoker.txt,3,3,gpt-4o-mini,0.5,True,,8.928,14.6,2.02,2.708,5,0.22,1
g13-planningpoker.txt,3,4,gpt-4o-mini,0.5,True,,8.928,16.49,2.37,2.708,5,0.22,1
g13-planningpoker.txt,4,0,gpt-4o-mini,0.5,True,,9.928,15.47,2.05,2.708,5,0.22,2
g13-planningpoker.txt,4,1,gpt-4o-mini,0.5,True,,8.928,14.53,3.96,2.708,5,0.22,1
g13-planningpoker.txt,4,2,gpt-4o-mini,0.5,True,,8.928,17.74,2.02,2.708,5,0.22,1
g13-planningpoker.txt,4,3,gpt-4o-mini,0.5,True,,8.928,17.05,2.12,2.708,5,0.22,1
g13-planningpoker.txt,4,4,gpt-4o-mini,0.5,True,,8.847999999999999,15.43,1.99,2.708,5,0.14,1
g13-planningpoker.txt,4,0,gpt-4o-mini,0.5,True,,8.928,15.76,2.12,2.708,5,0.22,1
g13-planningpoker.txt,4,1,gpt-4o-mini,0.5,True,,8.928,20.4,2.8,2.708,5,0.22,1
g13-planningpoker.txt,4,2,gpt-4o-mini,0.5,True,,8.928,16.48,2.02,2.708,5,0.22,1
g13-planningpoker.txt,4,3,gpt-4o-mini,0.5,True,,8.928,15.53,2.2,2.708,5,0.22,1
g13-planningpoker.txt,4,4,gpt-4o-mini,0.5,True,,8.928,15.58,2.0,2.708,5,0.22,1
g13-planningpoker.txt,5,0,gpt-4o-mini,0.5,True,,9.558,13.67,3.83,2.418,5,0.14,2
g13-planningpoker.txt,5,1,gpt-4o-mini,0.5,True,,8.928,14.93,2.11,2.708,5,0.22,1
g13-planningpoker.txt,5,2,gpt-4o-mini,0.5,True,,8.928,15.28,2.12,2.708,5,0.22,1
g13-planningpoker.txt,5,3,gpt-4o-mini,0.5,True,,8.928,13.18,1.95,2.708,5,0.22,1
g13-planningpoker.txt,5,4,gpt-4o-mini,0.5,True,,8.928,13.84,2.0,2.708,5,0.22,1
g13-planningpoker.txt,5,0,gpt-4o-mini,0.5,True,,8.928,12.71,2.08,2.708,5,0.22,1
g13-planningpoker.txt,5,1,gpt-4o-mini,0.5,True,,8.928,13.18,2.04,2.708,5,0.22,1
g13-planningpoker.txt,5,2,gpt-4o-mini,0.5,True,,8.928,13.41,1.99,2.708,5,0.22,1
g13-planningpoker.txt,5,3,gpt-4o-mini,0.5,True,,8.928,14.62,2.47,2.708,5,0.22,1
g13-planningpoker.txt,5,4,gpt-4o-mini,0.5,True,,8.928,13.0,2.08,2.708,5,0.22,1
g14-datahub.txt,1,0,gpt-4o-mini,0.5,True,,13.152000000000001,19.31,2.03,1.992,9,0.16,2
g14-datahub.txt,1,1,gpt-4o-mini,0.5,True,,13.187999999999999,13.38,2.0,0.982,11,0.206,1
g14-datahub.txt,1,2,gpt-4o-mini,0.5,False,Unknown caller: Admin,1000021.0,15.05,2.23,,,,
g14-datahub.txt,1,3,gpt-4o-mini,0.5,False,Unknown caller: Admin,1000021.0,13.97,1.97,,,,
g14-datahub.txt,1,4,gpt-4o-mini,0.5,True,,13.702,31.02,1.97,2.485,10,0.217,1
g14-datahub.txt,1,5,gpt-4o-mini,0.5,False,Unknown caller: Admin,1000021.0,19.47,1.97,,,,
g14-datahub.txt,1,6,gpt-4o-mini,0.5,False,Unknown caller: Admin,1000021.0,19.4,1.98,,,,
g14-datahub.txt,1,7,gpt-4o-mini,0.5,False,Unknown caller: Admin,1000021.0,14.5,2.02,,,,
g14-datahub.txt,1,8,gpt-4o-mini,0.5,True,,15.669,14.81,2.05,2.493,11,0.176,2
g14-datahub.txt,1,9,gpt-4o-mini,0.5,False,Unknown caller: Admin,1000021.0,16.06,2.24,,,,
g14-datahub.txt,2,0,gpt-4o-mini,0.5,True,,14.582,22.04,2.01,2.471,10,0.111,2
g14-datahub.txt,2,1,gpt-4o-mini,0.5,False,Unknown caller: Admin,1000021.0,13.0,2.04,0.982,11,0.206,1
g14-datahub.txt,2,2,gpt-4o-mini,0.5,True,,14.66,15.51,2.12,1.471,10,0.189,3
g14-datahub.txt,2,3,gpt-4o-mini,0.5,True,,15.197999999999999,15.43,2.17,1.982,11,0.216,2
g14-datahub.txt,2,4,gpt-4o-mini,0.5,True,,13.625,11.99,2.04,1.466,10,0.159,2
g14-datahub.txt,2,0,gpt-4o-mini,0.5,True,,7.619999999999999,11.22,2.0,1.48,5,0.14,1
g14-datahub.txt,2,1,gpt-4o-mini,0.5,True,,8.149999999999999,9.86,2.03,1.89,5,0.26,1
g14-datahub.txt,2,2,gpt-4o-mini,0.5,True,,11.671,11.57,2.03,1.487,9,0.184,1
g14-datahub.txt,2,3,gpt-4o-mini,0.5,True,,14.085,11.23,2.01,1.942,10,0.143,2
g14-datahub.txt,2,4,gpt-4o-mini,0.5,True,,14.085,12.81,2.02,1.942,10,0.143,2
g14-datahub.txt,3,0,gpt-4o-mini,0.5,True,,7.119999999999999,10.38,3.79,0.98,5,0.14,1
g14-datahub.txt,3,1,gpt-4o-mini,0.5,True,,14.085,14.11,2.3,1.942,10,0.143,2
g14-datahub.txt,3,2,gpt-4o-mini,0.5,True,,7.5969999999999995,9.36,2.04,1.48,5,0.117,1
g14-datahub.txt,3,3,gpt-4o-mini,0.5,False,Unknown caller: Admin,1000021.0,13.36,1.97,1.466,10,0.159,2
g14-datahub.txt,3,4,gpt-4o-mini,0.5,True,,13.085,12.34,2.04,1.942,10,0.143,1
g14-datahub.txt,3,0,gpt-4o-mini,0.5,True,,11.671,11.07,2.33,1.487,9,0.184,1
g14-datahub.txt,3,1,gpt-4o-mini,0.5,True,,14.085,12.15,4.26,1.942,10,0.143,2
g14-datahub.txt,3,2,gpt-4o-mini,0.5,True,,14.098999999999998,15.88,2.05,1.966,10,0.133,2
g14-datahub.txt,3,3,gpt-4o-mini,0.5,True,,11.671,13.63,2.01,1.487,9,0.184,1
g14-datahub.txt,3,4,gpt-4o-mini,0.5,True,,14.154,19.31,2.03,1.966,10,0.188,2
g14-datahub.txt,4,0,gpt-4o-mini,0.5,True,,7.619999999999999,11.53,2.1,1.48,5,0.14,1
g14-datahub.txt,4,1,gpt-4o-mini,0.5,True,,7.5969999999999995,12.34,1.93,1.48,5,0.117,1
g14-datahub.txt,4,2,gpt-4o-mini,0.5,True,,11.671,12.71,1.99,1.487,9,0.184,1
g14-datahub.txt,4,3,gpt-4o-mini,0.5,True,,11.671,11.57,2.16,1.487,9,0.184,1
g14-datahub.txt,4,4,gpt-4o-mini,0.5,False,Unknown caller: Admin,1000021.0,11.94,2.3,1.942,10,0.143,1
g14-datahub.txt,4,0,gpt-4o-mini,0.5,True,,11.671,10.97,2.05,1.487,9,0.184,1
g14-datahub.txt,4,1,gpt-4o-mini,0.5,True,,11.641,14.17,1.97,1.487,9,0.154,1
g14-datahub.txt,4,2,gpt-4o-mini,0.5,True,,11.671,11.12,1.95,1.487,9,0.184,1
g14-datahub.txt,4,3,gpt-4o-mini,0.5,True,,11.641,14.25,2.04,1.487,9,0.154,1
g14-datahub.txt,4,4,gpt-4o-mini,0.5,True,,10.63,12.15,3.27,1.49,8,0.14,1
g14-datahub.txt,5,0,gpt-4o-mini,0.5,True,,7.5969999999999995,12.75,1.98,1.48,5,0.117,1
g14-datahub.txt,5,1,gpt-4o-mini,0.5,True,,7.619999999999999,10.93,2.07,1.48,5,0.14,1
g14-datahub.txt,5,2,gpt-4o-mini,0.5,True,,11.671,13.05,2.38,1.487,9,0.184,1
g14-datahub.txt,5,3,gpt-4o-mini,0.5,True,,11.641,15.87,2.0,1.487,9,0.154,1
g14-datahub.txt,5,4,gpt-4o-mini,0.5,True,,11.671,11.98,1.99,1.487,9,0.184,1
g14-datahub.txt,5,0,gpt-4o-mini,0.5,True,,10.63,12.43,2.0,1.49,8,0.14,1
g14-datahub.txt,5,1,gpt-4o-mini,0.5,True,,10.607000000000001,12.36,1.97,1.49,8,0.117,1
g14-datahub.txt,5,2,gpt-4o-mini,0.5,True,,11.641,13.44,2.03,1.487,9,0.154,1
g14-datahub.txt,5,3,gpt-4o-mini,0.5,True,,10.607000000000001,12.83,2.07,1.49,8,0.117,1
g14-datahub.txt,5,4,gpt-4o-mini,0.5,True,,11.641,12.04,2.0,1.487,9,0.154,1
g16-mis.txt,1,0,gpt-4o-mini,0.5,True,,13.629,10.74,2.0,1.469,10,0.16,2
g16-mis.txt,1,1,gpt-4o-mini,0.5,True,,14.389,17.84,2.07,2.274,9,0.115,3
g16-mis.txt,1,2,gpt-4o-mini,0.5,True,,12.562999999999999,11.72,1.99,3.456,8,0.107,1
g16-mis.txt,1,3,gpt-4o-mini,0.5,True,,15.908,18.76,1.93,3.766,11,0.142,1
g16-mis.txt,1,4,gpt-4o-mini,0.5,True,,16.967,17.03,2.18,5.804,10,0.163,1
g16-mis.txt,1,5,gpt-4o-mini,0.5,False,Unknown callee: Notification,1000028.0,23.38,1.99,,,,
g16-mis.txt,1,6,gpt-4o-mini,0.5,True,,13.58,13.43,2.01,2.469,10,0.111,1
g16-mis.txt,1,7,gpt-4o-mini,0.5,True,,13.485,15.1,1.99,3.266,9,0.219,1
g16-mis.txt,1,8,gpt-4o-mini,0.5,False,Unknown callee: Notification,1000028.0,17.77,2.02,,,,
g16-mis.txt,1,9,gpt-4o-mini,0.5,True,,14.584999999999999,18.74,2.1,2.424,11,0.161,1
g16-mis.txt,2,0,gpt-4o-mini,0.5,True,,15.912,15.72,2.04,3.657,11,0.255,1
g16-mis.txt,2,1,gpt-4o-mini,0.5,False,Unknown callee: Notification,1000028.0,19.08,2.33,3.266,9,0.219,1
g16-mis.txt,2,2,gpt-4o-mini,0.5,True,,14.173000000000002,17.68,1.95,2.075,11,0.098,1
g16-mis.txt,2,3,gpt-4o-mini,0.5,True,,13.501,17.88,2.0,3.404,9,0.097,1
g16-mis.txt,2,4,gpt-4o-mini,0.5,False,Unknown callee: Notification,1000028.0,14.04,2.12,2.274,9,0.115,3
g16-mis.txt,2,0,gpt-4o-mini,0.5,True,,12.341,15.56,2.13,3.122,8,0.219,1
g16-mis.txt,2,1,gpt-4o-mini,0.5,True,,12.719,16.2,1.93,3.612,8,0.107,1
g16-mis.txt,2,2,gpt-4o-mini,0.5,True,,13.485,16.55,2.0,3.266,9,0.219,1
g16-mis.txt,2,3,gpt-4o-mini,0.5,True,,12.583,12.15,2.0,1.458,9,0.125,2
g16-mis.txt,2,4,gpt-4o-mini,0.5,True,,13.485,16.59,2.0,3.266,9,0.219,1
g16-mis.txt,3,0,gpt-4o-mini,0.5,True,,13.485,16.35,2.31,3.266,9,0.219,1
g16-mis.txt,3,1,gpt-4o-mini,0.5,True,,13.014,14.81,2.04,2.795,9,0.219,1
g16-mis.txt,3,2,gpt-4o-mini,0.5,True,,12.268,13.21,1.97,2.159,7,0.109,3
g16-mis.txt,3,3,gpt-4o-mini,0.5,True,,13.485,16.68,2.02,3.266,9,0.219,1
g16-mis.txt,3,4,gpt-4o-mini,0.5,True,,12.341,15.74,2.26,3.122,8,0.219,1
g16-mis.txt,3,0,gpt-4o-mini,0.5,True,,13.054,16.34,1.99,1.929,9,0.125,2
g16-mis.txt,3,1,gpt-4o-mini,0.5,True,,13.485,16.76,2.3,3.266,9,0.219,1
g16-mis.txt,3,2,gpt-4o-mini,0.5,True,,14.852,15.58,2.04,3.745,9,0.107,2
g16-mis.txt,3,3,gpt-4o-mini,0.5,True,,13.943,17.89,2.03,2.804,9,0.139,2
g16-mis.txt,3,4,gpt-4o-mini,0.5,True,,13.521,14.37,2.06,2.396,9,0.125,2
g16-mis.txt,4,0,gpt-4o-mini,0.5,True,,14.247,26.98,2.08,3.14,8,0.107,3
g16-mis.txt,4,1,gpt-4o-mini,0.5,True,,13.485,38.37,2.06,3.266,9,0.219,1
g16-mis.txt,4,2,gpt-4o-mini,0.5,True,,12.397,15.93,2.02,2.218,8,0.179,2
g16-mis.txt,4,3,gpt-4o-mini,0.5,True,,13.943,28.11,2.0,2.804,9,0.139,2
g16-mis.txt,4,4,gpt-4o-mini,0.5,True,,13.485,19.86,2.37,3.266,9,0.219,1
g16-mis.txt,4,0,gpt-4o-mini,0.5,True,,12.985,17.72,2.27,2.766,9,0.219,1
g16-mis.txt,4,1,gpt-4o-mini,0.5,True,,11.904,17.03,2.04,2.685,8,0.219,1
g16-mis.txt,4,2,gpt-4o-mini,0.5,True,,13.514,16.48,1.94,3.295,9,0.219,1
g16-mis.txt,4,3,gpt-4o-mini,0.5,True,,12.268,13.85,2.12,2.159,7,0.109,3
g16-mis.txt,4,4,gpt-4o-mini,0.5,True,,13.014,17.9,2.01,2.795,9,0.219,1
g16-mis.txt,5,0,gpt-4o-mini,0.5,True,,11.863,18.99,2.02,2.644,8,0.219,1
g16-mis.txt,5,1,gpt-4o-mini,0.5,False,Unknown callee: UserPermissionManagement,1000040.0,16.79,2.0,2.159,7,0.109,3
g16-mis.txt,5,2,gpt-4o-mini,0.5,True,,13.014,18.93,2.03,2.795,9,0.219,1
g16-mis.txt,5,3,gpt-4o-mini,0.5,True,,11.87,14.72,2.1,2.651,8,0.219,1
g16-mis.txt,5,4,gpt-4o-mini,0.5,True,,13.014,15.23,1.99,2.795,9,0.219,1
g16-mis.txt,5,0,gpt-4o-mini,0.5,True,,12.017999999999999,17.28,2.07,2.799,8,0.219,1
g16-mis.txt,5,1,gpt-4o-mini,0.5,True,,12.512,15.49,2.16,2.333,8,0.179,2
g16-mis.txt,5,2,gpt-4o-mini,0.5,True,,13.068,17.56,1.99,2.766,9,0.302,1
g16-mis.txt,5,3,gpt-4o-mini,0.5,True,,12.397,14.13,2.15,2.218,8,0.179,2
g16-mis.txt,5,4,gpt-4o-mini,0.5,True,,12.574,14.3,2.1,2.395,8,0.179,2
g17-cask.txt,1,0,gpt-4o-mini,0.5,True,,13.565999999999999,10.99,1.95,0.433,12,0.133,1
g17-cask.txt,1,1,gpt-4o-mini,0.5,True,,11.656,11.14,2.12,1.538,9,0.118,1
g17-cask.txt,1,2,gpt-4o-mini,0.5,True,,14.753,11.04,1.94,0.606,13,0.147,1
g17-cask.txt,1,3,gpt-4o-mini,0.5,True,,13.715,12.56,4.28,1.417,11,0.298,1
g17-cask.txt,1,4,gpt-4o-mini,0.5,True,,14.499,11.33,2.77,1.095,12,0.404,1
g17-cask.txt,1,5,gpt-4o-mini,0.5,True,,15.089,17.76,2.22,0.958,13,0.131,1
g17-cask.txt,1,6,gpt-4o-mini,0.5,True,,12.147,14.25,1.94,0.814,9,0.333,2
g17-cask.txt,1,7,gpt-4o-mini,0.5,True,,14.763,14.74,2.06,1.464,12,0.299,1
g17-cask.txt,1,8,gpt-4o-mini,0.5,True,,13.223,14.12,2.3,1.112,10,0.111,2
g17-cask.txt,1,9,gpt-4o-mini,0.5,True,,11.999,11.34,2.0,0.871,10,0.128,1
g17-cask.txt,2,0,gpt-4o-mini,0.5,True,,17.006999999999998,11.27,2.04,1.876,13,0.131,2
g17-cask.txt,2,1,gpt-4o-mini,0.5,True,,10.453,12.87,2.29,0.314,9,0.139,1
g17-cask.txt,2,2,gpt-4o-mini,0.5,True,,13.577,12.28,2.09,1.441,11,0.136,1
g17-cask.txt,2,3,gpt-4o-mini,0.5,True,,11.629,11.76,1.96,0.49,10,0.139,1
g17-cask.txt,2,4,gpt-4o-mini,0.5,True,,12.706999999999999,14.67,2.13,0.575,11,0.132,1
g17-cask.txt,2,0,gpt-4o-mini,0.5,True,,12.147,10.56,2.07,0.814,9,0.333,2
g17-cask.txt,2,1,gpt-4o-mini,0.5,True,,6.8,8.76,2.03,0.8,5,0,1
g17-cask.txt,2,2,gpt-4o-mini,0.5,True,,11.656,9.81,3.93,1.538,9,0.118,1
g17-cask.txt,2,3,gpt-4o-mini,0.5,True,,6.871,9.24,1.95,0.871,5,0,1
g17-cask.txt,2,4,gpt-4o-mini,0.5,True,,12.238999999999999,10.93,2.16,1.1,9,0.139,2
g17-cask.txt,3,0,gpt-4o-mini,0.5,True,,9.888,9.99,1.95,0.781,8,0.107,1
g17-cask.txt,3,1,gpt-4o-mini,0.5,True,,10.078,9.55,3.62,0.971,8,0.107,1
g17-cask.txt,3,2,gpt-4o-mini,0.5,True,,12.738999999999999,11.16,2.13,0.6,10,0.139,2
g17-cask.txt,3,3,gpt-4o-mini,0.5,True,,13.293,13.51,1.94,1.171,10,0.122,2
g17-cask.txt,3,4,gpt-4o-mini,0.5,True,,11.656,10.33,2.07,1.538,9,0.118,1
g17-cask.txt,3,0,gpt-4o-mini,0.5,True,,6.8,9.28,2.0,0.8,5,0,1
g17-cask.txt,3,1,gpt-4o-mini,0.5,True,,10.596,12.54,2.03,1.471,8,0.125,1
g17-cask.txt,3,2,gpt-4o-mini,0.5,True,,7.371,13.17,2.12,1.371,5,0,1
g17-cask.txt,3,3,gpt-4o-mini,0.5,True,,11.656,10.79,2.04,1.538,9,0.118,1
g17-cask.txt,3,4,gpt-4o-mini,0.5,True,,6.8,8.41,1.99,0.8,5,0,1
g17-cask.txt,4,0,gpt-4o-mini,0.5,True,,6.8,9.02,1.94,0.8,5,0,1
g17-cask.txt,4,1,gpt-4o-mini,0.5,True,,9.915000000000001,10.7,3.81,0.781,8,0.134,1
g17-cask.txt,4,2,gpt-4o-mini,0.5,True,,11.656,12.01,2.07,1.538,9,0.118,1
g17-cask.txt,4,3,gpt-4o-mini,0.5,True,,6,9.84,2.17,0,5,0,1
g17-cask.txt,4,4,gpt-4o-mini,0.5,True,,6.871,9.79,2.02,0.871,5,0,1
g17-cask.txt,4,0,gpt-4o-mini,0.5,True,,8.94,9.61,1.91,0.821,7,0.119,1
g17-cask.txt,4,1,gpt-4o-mini,0.5,True,,9.879000000000001,10.86,2.19,0.781,8,0.098,1
g17-cask.txt,4,2,gpt-4o-mini,0.5,True,,11.193,10.27,1.99,2.955,7,0.238,1
g17-cask.txt,4,3,gpt-4o-mini,0.5,True,,7.271,9.42,2.69,1.271,5,0,1
g17-cask.txt,4,4,gpt-4o-mini,0.5,True,,8.807,8.63,2.06,0.7,7,0.107,1
g17-cask.txt,5,0,gpt-4o-mini,0.5,True,,6,8.06,2.0,0,5,0,1
g17-cask.txt,5,1,gpt-4o-mini,0.5,True,,6.8,8.67,2.02,0.8,5,0,1
g17-cask.txt,5,2,gpt-4o-mini,0.5,True,,6.871,8.28,2.15,0.871,5,0,1
g17-cask.txt,5,3,gpt-4o-mini,0.5,True,,6.871,8.3,2.06,0.871,5,0,1
g17-cask.txt,5,4,gpt-4o-mini,0.5,True,,6.8,8.75,1.97,0.8,5,0,1
g17-cask.txt,5,0,gpt-4o-mini,0.5,True,,8.217,9.45,3.55,1.217,6,0,1
g17-cask.txt,5,1,gpt-4o-mini,0.5,True,,7.271,8.9,2.01,1.271,5,0,1
g17-cask.txt,5,2,gpt-4o-mini,0.5,True,,7.745,9.41,2.03,0.745,6,0,1
g17-cask.txt,5,3,gpt-4o-mini,0.5,True,,7.844,8.76,3.57,0.844,6,0,1
g17-cask.txt,5,4,gpt-4o-mini,0.5,True,,7.271,9.96,3.91,1.271,5,0,1
g18-neurohub.txt,1,0,gpt-4o-mini,0.5,True,,10.549999999999999,17.5,2.03,1.443,8,0.107,1
g18-neurohub.txt,1,1,gpt-4o-mini,0.5,True,,8.65,17.2,2.31,2.423,5,0.227,1
g18-neurohub.txt,1,2,gpt-4o-mini,0.5,True,,11.661999999999999,13.41,2.16,2.427,8,0.235,1
g18-neurohub.txt,1,3,gpt-4o-mini,0.5,True,,13.539,13.39,2.22,1.424,11,0.115,1
g18-neurohub.txt,1,4,gpt-4o-mini,0.5,True,,11.154,12.94,4.01,2.861,7,0.293,1
g18-neurohub.txt,1,5,gpt-4o-mini,0.5,True,,10.65,15.44,2.07,1.427,8,0.223,1
g18-neurohub.txt,1,6,gpt-4o-mini,0.5,True,,8.571,18.32,2.03,3.404,4,0.167,1
g18-neurohub.txt,1,7,gpt-4o-mini,0.5,True,,8.71,14.55,2.44,1.443,6,0.267,1
g18-neurohub.txt,1,8,gpt-4o-mini,0.5,True,,13.123,20.47,1.99,1.933,10,0.19,1
g18-neurohub.txt,1,9,gpt-4o-mini,0.5,True,,11.607,19.61,1.98,2.443,8,0.164,1
g18-neurohub.txt,2,0,gpt-4o-mini,0.5,True,,9.597000000000001,11.79,2.02,1.495,7,0.102,1
g18-neurohub.txt,2,1,gpt-4o-mini,0.5,True,,11.141,20.3,1.97,1.943,8,0.198,1
g18-neurohub.txt,2,2,gpt-4o-mini,0.5,True,,11.648,14.21,2.07,2.443,8,0.205,1
g18-neurohub.txt,2,3,gpt-4o-mini,0.5,True,,12.139,13.13,2.27,3,8,0.139,1
g18-neurohub.txt,2,4,gpt-4o-mini,0.5,True,,11.081999999999999,13.98,2.01,1.927,8,0.155,1
g18-neurohub.txt,2,0,gpt-4o-mini,0.5,True,,9.628,17.09,1.99,1.438,7,0.19,1
g18-neurohub.txt,2,1,gpt-4o-mini,0.5,True,,8.571,12.61,2.07,3.404,4,0.167,1
g18-neurohub.txt,2,2,gpt-4o-mini,0.5,True,,8.658999999999999,13.31,2.03,3.471,4,0.188,1
g18-neurohub.txt,2,3,gpt-4o-mini,0.5,True,,8.571,14.09,1.98,3.404,4,0.167,1
g18-neurohub.txt,2,4,gpt-4o-mini,0.5,True,,8.694,18.18,2.12,2.451,5,0.243,1
g18-neurohub.txt,3,0,gpt-4o-mini,0.5,True,,7.522,20.55,2.29,2.376,4,0.146,1
g18-neurohub.txt,3,1,gpt-4o-mini,0.5,True,,8.071,13.02,2.02,2.904,4,0.167,1
g18-neurohub.txt,3,2,gpt-4o-mini,0.5,True,,8.571,12.61,2.58,3.404,4,0.167,1
g18-neurohub.txt,3,3,gpt-4o-mini,0.5,True,,8.694,19.14,2.18,2.451,5,0.243,1
g18-neurohub.txt,3,4,gpt-4o-mini,0.5,True,,10.658,14.46,2.2,1.471,8,0.187,1
g18-neurohub.txt,3,0,gpt-4o-mini,0.5,True,,10.629000000000001,14.67,1.99,3.471,6,0.158,1
g18-neurohub.txt,3,1,gpt-4o-mini,0.5,True,,10.629000000000001,15.18,2.07,3.471,6,0.158,1
g18-neurohub.txt,3,2,gpt-4o-mini,0.5,True,,9.715,13.72,1.99,3.461,5,0.254,1
g18-neurohub.txt,3,3,gpt-4o-mini,0.5,True,,10.629000000000001,14.09,3.45,3.471,6,0.158,1
g18-neurohub.txt,3,4,gpt-4o-mini,0.5,True,,8.742,13.71,2.02,3.471,4,0.271,1
g18-neurohub.txt,4,0,gpt-4o-mini,0.5,True,,8.55,14.2,2.1,3.404,4,0.146,1
g18-neurohub.txt,4,1,gpt-4o-mini,0.5,True,,8.566,12.95,1.94,2.371,5,0.195,1
g18-neurohub.txt,4,2,gpt-4o-mini,0.5,True,,8.571,14.56,2.25,3.404,4,0.167,1
g18-neurohub.txt,4,3,gpt-4o-mini,0.5,True,,8.694,17.53,3.68,2.451,5,0.243,1
g18-neurohub.txt,4,4,gpt-4o-mini,0.5,True,,8.658999999999999,14.26,1.94,3.471,4,0.188,1
g18-neurohub.txt,4,0,gpt-4o-mini,0.5,True,,7.522,26.2,2.08,2.376,4,0.146,1
g18-neurohub.txt,4,1,gpt-4o-mini,0.5,True,,8.742,14.43,1.99,3.471,4,0.271,1
g18-neurohub.txt,4,2,gpt-4o-mini,0.5,True,,8.761,19.45,2.04,2.451,5,0.31,1
g18-neurohub.txt,4,3,gpt-4o-mini,0.5,True,,8.694,17.71,2.25,2.451,5,0.243,1
g18-neurohub.txt,4,4,gpt-4o-mini,0.5,True,,8.742,13.89,2.04,3.471,4,0.271,1
g18-neurohub.txt,5,0,gpt-4o-mini,0.5,True,,7.605,15.73,2.01,2.376,4,0.229,1
g18-neurohub.txt,5,1,gpt-4o-mini,0.5,True,,8.57,17.54,1.96,2.433,5,0.137,1
g18-neurohub.txt,5,2,gpt-4o-mini,0.5,True,,8.722999999999999,14.54,2.42,2.433,5,0.29,1
g18-neurohub.txt,5,3,gpt-4o-mini,0.5,True,,7.78,14.25,1.99,1.461,5,0.319,1
g18-neurohub.txt,5,4,gpt-4o-mini,0.5,True,,8.742,15.16,2.77,3.471,4,0.271,1
g18-neurohub.txt,5,0,gpt-4o-mini,0.5,True,,8.566,20.21,1.91,2.371,5,0.195,1
g18-neurohub.txt,5,1,gpt-4o-mini,0.5,True,,9.442,17.22,2.06,3.188,5,0.254,1
g18-neurohub.txt,5,2,gpt-4o-mini,0.5,True,,9.625,14.82,2.1,3.371,5,0.254,1
g18-neurohub.txt,5,3,gpt-4o-mini,0.5,True,,9.068,15.65,1.97,2.814,5,0.254,1
g18-neurohub.txt,5,4,gpt-4o-mini,0.5,True,,9.542,13.29,2.11,3.371,5,0.171,1
g19-alfred.txt,1,0,gpt-4o-mini,0.5,True,,8.746,13.87,1.93,3.621,4,0.125,1
g19-alfred.txt,1,1,gpt-4o-mini,0.5,True,,8.001999999999999,14.49,2.0,2.835,4,0.167,1
g19-alfred.txt,1,2,gpt-4o-mini,0.5,True,,8.315000000000001,15.65,2.02,3.093,4,0.222,1
g19-alfred.txt,1,3,gpt-4o-mini,0.5,True,,8.528,15.6,2.09,3.361,4,0.167,1
g19-alfred.txt,1,4,gpt-4o-mini,0.5,True,,8.519,14.72,2.04,2.433,5,0.086,1
g19-alfred.txt,1,5,gpt-4o-mini,0.5,True,,12.93,15.17,2.07,2.847,4,0.083,6
g19-alfred.txt,1,6,gpt-4o-mini,0.5,True,,6.461,16.72,2.02,1.366,4,0.095,1
g19-alfred.txt,1,7,gpt-4o-mini,0.5,False,Unknown callee: Notification,1000028.0,15.79,2.33,,,,
g19-alfred.txt,1,8,gpt-4o-mini,0.5,True,,7.3919999999999995,15.8,1.91,2.154,4,0.238,1
g19-alfred.txt,1,9,gpt-4o-mini,0.5,True,,9.968,15.15,2.32,3.676,5,0.292,1
g19-alfred.txt,2,0,gpt-4o-mini,0.5,True,,8.459,15.3,2.04,3.376,4,0.083,1
g19-alfred.txt,2,1,gpt-4o-mini,0.5,True,,7.4110000000000005,14.66,2.58,2.221,4,0.19,1
g19-alfred.txt,2,2,gpt-4o-mini,0.5,True,,8.75,16.05,1.98,2.508,5,0.242,1
g19-alfred.txt,2,3,gpt-4o-mini,0.5,False,Unknown callee: Notification,1000028.0,14.66,1.98,3.093,4,0.222,1
g19-alfred.txt,2,4,gpt-4o-mini,0.5,True,,6.971,13.28,1.96,1.876,4,0.095,1
g19-alfred.txt,2,0,gpt-4o-mini,0.5,True,,6.515,12.47,2.2,1.404,4,0.111,1
g19-alfred.txt,2,1,gpt-4o-mini,0.5,True,,6.461,18.62,1.97,1.366,4,0.095,1
g19-alfred.txt,2,2,gpt-4o-mini,0.5,True,,6.461,15.49,2.15,1.366,4,0.095,1
g19-alfred.txt,2,3,gpt-4o-mini,0.5,True,,7.3919999999999995,14.25,2.33,2.154,4,0.238,1
g19-alfred.txt,2,4,gpt-4o-mini,0.5,True,,7.569,14.38,2.04,2.402,4,0.167,1
g19-alfred.txt,3,0,gpt-4o-mini,0.5,True,,6.461,15.53,2.02,1.366,4,0.095,1
g19-alfred.txt,3,1,gpt-4o-mini,0.5,True,,6.461,14.59,2.15,1.366,4,0.095,1
g19-alfred.txt,3,2,gpt-4o-mini,0.5,True,,6.487,13.86,1.97,1.376,4,0.111,1
g19-alfred.txt,3,3,gpt-4o-mini,0.5,True,,7.443,14.19,1.99,1.343,5,0.1,1
g19-alfred.txt,3,4,gpt-4o-mini,0.5,True,,7.3919999999999995,16.88,2.01,2.154,4,0.238,1
g19-alfred.txt,3,0,gpt-4o-mini,0.5,True,,6.477,12.7,2.07,1.366,4,0.111,1
g19-alfred.txt,3,1,gpt-4o-mini,0.5,True,,6.461,16.03,2.39,1.366,4,0.095,1
g19-alfred.txt,3,2,gpt-4o-mini,0.5,True,,6.461,16.43,2.12,1.366,4,0.095,1
g19-alfred.txt,3,3,gpt-4o-mini,0.5,True,,6.499,14.89,2.0,1.404,4,0.095,1
g19-alfred.txt,3,4,gpt-4o-mini,0.5,True,,6.461,15.37,2.13,1.366,4,0.095,1
g19-alfred.txt,4,0,gpt-4o-mini,0.5,True,,6.461,14.49,2.15,1.366,4,0.095,1
g19-alfred.txt,4,1,gpt-4o-mini,0.5,True,,6.461,13.66,2.0,1.366,4,0.095,1
g19-alfred.txt,4,2,gpt-4o-mini,0.5,True,,6.461,12.84,1.99,1.366,4,0.095,1
g19-alfred.txt,4,3,gpt-4o-mini,0.5,True,,6.461,13.34,2.07,1.366,4,0.095,1
g19-alfred.txt,4,4,gpt-4o-mini,0.5,True,,6.461,14.72,2.16,1.366,4,0.095,1
g19-alfred.txt,4,0,gpt-4o-mini,0.5,True,,6.461,16.33,2.0,1.366,4,0.095,1
g19-alfred.txt,4,1,gpt-4o-mini,0.5,True,,6.461,14.78,2.03,1.366,4,0.095,1
g19-alfred.txt,4,2,gpt-4o-mini,0.5,True,,6.461,13.22,2.21,1.366,4,0.095,1
g19-alfred.txt,4,3,gpt-4o-mini,0.5,True,,6.461,14.26,2.28,1.366,4,0.095,1
g19-alfred.txt,4,4,gpt-4o-mini,0.5,True,,6.461,15.87,2.0,1.366,4,0.095,1
g19-alfred.txt,5,0,gpt-4o-mini,0.5,True,,6.461,12.8,2.0,1.366,4,0.095,1
g19-alfred.txt,5,1,gpt-4o-mini,0.5,True,,6.461,13.22,1.99,1.366,4,0.095,1
g19-alfred.txt,5,2,gpt-4o-mini,0.5,True,,6.461,13.02,2.41,1.366,4,0.095,1
g19-alfred.txt,5,3,gpt-4o-mini,0.5,True,,6.461,13.46,2.22,1.366,4,0.095,1
g19-alfred.txt,5,4,gpt-4o-mini,0.5,True,,6.461,12.61,2.05,1.366,4,0.095,1
g19-alfred.txt,5,0,gpt-4o-mini,0.5,True,,6.461,12.96,2.06,1.366,4,0.095,1
g19-alfred.txt,5,1,gpt-4o-mini,0.5,True,,6.461,13.21,2.02,1.366,4,0.095,1
g19-alfred.txt,5,2,gpt-4o-mini,0.5,True,,6.461,14.84,2.1,1.366,4,0.095,1
g19-alfred.txt,5,3,gpt-4o-mini,0.5,True,,6.461,13.56,2.0,1.366,4,0.095,1
g19-alfred.txt,5,4,gpt-4o-mini,0.5,True,,6.461,14.12,2.3,1.366,4,0.095,1
g21-badcamp.txt,1,0,gpt-4o-mini,0.5,True,,12.989,14.78,2.23,5.614,6,0.375,1
g21-badcamp.txt,1,1,gpt-4o-mini,0.5,True,,12.415,18.52,2.25,6.198,5,0.217,1
g21-badcamp.txt,1,2,gpt-4o-mini,0.5,True,,9.894,17.91,2.03,3.561,5,0.333,1
g21-badcamp.txt,1,3,gpt-4o-mini,0.5,True,,12.782,19.71,2.17,5.428,6,0.354,1
g21-badcamp.txt,1,4,gpt-4o-mini,0.5,True,,7.185,13.74,2.11,1.914,4,0.271,1
g21-badcamp.txt,1,5,gpt-4o-mini,0.5,True,,10.575,15.92,1.97,4.242,5,0.333,1
g21-badcamp.txt,1,6,gpt-4o-mini,0.5,True,,8.992,14.77,2.26,3.617,4,0.375,1
g21-badcamp.txt,1,7,gpt-4o-mini,0.5,True,,7.705,11.91,2.1,2.443,4,0.262,1
g21-badcamp.txt,1,8,gpt-4o-mini,0.5,True,,11.405,16.55,2.02,4.068,6,0.337,1
g21-badcamp.txt,1,9,gpt-4o-mini,0.5,True,,7.199,12.98,1.99,0.923,5,0.276,1
g21-badcamp.txt,2,0,gpt-4o-mini,0.5,True,,7.6850000000000005,13.72,2.01,2.414,4,0.271,1
g21-badcamp.txt,2,1,gpt-4o-mini,0.5,True,,10.822,15.62,2.28,3.439,6,0.383,1
g21-badcamp.txt,2,2,gpt-4o-mini,0.5,True,,9.559000000000001,14.29,2.01,3.313,5,0.246,1
g21-badcamp.txt,2,3,gpt-4o-mini,0.5,True,,12.794,18.09,2.01,6.331,5,0.463,1
g21-badcamp.txt,2,4,gpt-4o-mini,0.5,True,,9.267,16.11,2.16,3.975,4,0.292,1
g21-badcamp.txt,2,0,gpt-4o-mini,0.5,True,,7.199,14.94,2.21,0.923,5,0.276,1
g21-badcamp.txt,2,1,gpt-4o-mini,0.5,True,,7.1850000000000005,17.14,2.15,0.923,5,0.262,1
g21-badcamp.txt,2,2,gpt-4o-mini,0.5,True,,8.536999999999999,18.49,2.07,2.299,5,0.238,1
g21-badcamp.txt,2,3,gpt-4o-mini,0.5,True,,9.033999999999999,16.54,3.83,3.617,4,0.417,1
g21-badcamp.txt,2,4,gpt-4o-mini,0.5,True,,8.185,15.32,2.25,2.914,4,0.271,1
g21-badcamp.txt,3,0,gpt-4o-mini,0.5,True,,6.257,14.63,1.99,0.971,4,0.286,1
g21-badcamp.txt,3,1,gpt-4o-mini,0.5,True,,10.2,17.27,2.32,2.929,6,0.271,1
g21-badcamp.txt,3,2,gpt-4o-mini,0.5,True,,12.704,17.04,2.27,5.271,6,0.433,1
g21-badcamp.txt,3,3,gpt-4o-mini,0.5,True,,8.656,13.43,2.06,2.394,5,0.262,1
g21-badcamp.txt,3,4,gpt-4o-mini,0.5,True,,7.705,14.46,1.99,2.443,4,0.262,1
g21-badcamp.txt,3,0,gpt-4o-mini,0.5,True,,7.1850000000000005,18.45,2.05,0.923,5,0.262,1
g21-badcamp.txt,3,1,gpt-4o-mini,0.5,True,,8.128,17.16,2.49,1.866,5,0.262,1
g21-badcamp.txt,3,2,gpt-4o-mini,0.5,True,,8.536999999999999,15.9,1.98,2.299,5,0.238,1
g21-badcamp.txt,3,3,gpt-4o-mini,0.5,True,,9.513,18.11,2.3,3.242,5,0.271,1
g21-badcamp.txt,3,4,gpt-4o-mini,0.5,True,,7.605,15.36,2.41,2.376,4,0.229,1
g21-badcamp.txt,4,0,gpt-4o-mini,0.5,True,,7.199,15.08,3.6,0.923,5,0.276,1
g21-badcamp.txt,4,1,gpt-4o-mini,0.5,True,,9.453,15.54,2.0,3.203,5,0.25,1
g21-badcamp.txt,4,2,gpt-4o-mini,0.5,True,,7.6850000000000005,19.3,2.02,2.414,4,0.271,1
g21-badcamp.txt,4,3,gpt-4o-mini,0.5,True,,7.705,13.79,2.1,2.443,4,0.262,1
g21-badcamp.txt,4,4,gpt-4o-mini,0.5,True,,8.536999999999999,14.39,2.29,2.299,5,0.238,1
g21-badcamp.txt,4,0,gpt-4o-mini,0.5,True,,7.05,18.33,2.19,1.904,4,0.146,1
g21-badcamp.txt,4,1,gpt-4o-mini,0.5,True,,7.605,14.6,2.04,2.376,4,0.229,1
g21-badcamp.txt,4,2,gpt-4o-mini,0.5,True,,8.608,19.6,1.92,2.337,5,0.271,1
g21-badcamp.txt,4,3,gpt-4o-mini,0.5,True,,9.453,16.75,2.0,3.203,5,0.25,1
g21-badcamp.txt,4,4,gpt-4o-mini,0.5,True,,9.453,17.37,2.03,3.203,5,0.25,1
g21-badcamp.txt,5,0,gpt-4o-mini,0.5,True,,7.605,18.78,2.0,2.376,4,0.229,1
g21-badcamp.txt,5,1,gpt-4o-mini,0.5,True,,8.139,19.42,2.19,1.856,5,0.283,1
g21-badcamp.txt,5,2,gpt-4o-mini,0.5,True,,7.605,16.03,2.18,2.376,4,0.229,1
g21-badcamp.txt,5,3,gpt-4o-mini,0.5,True,,7.6850000000000005,13.84,2.29,2.414,4,0.271,1
g21-badcamp.txt,5,4,gpt-4o-mini,0.5,True,,8.185,13.65,2.34,2.914,4,0.271,1
g21-badcamp.txt,5,0,gpt-4o-mini,0.5,True,,8.105,17.53,2.07,2.876,4,0.229,1
g21-badcamp.txt,5,1,gpt-4o-mini,0.5,True,,9.507,15.78,1.98,3.203,5,0.304,1
g21-badcamp.txt,5,2,gpt-4o-mini,0.5,True,,7.605,14.24,2.32,2.376,4,0.229,1
g21-badcamp.txt,5,3,gpt-4o-mini,0.5,True,,7.6770000000000005,18.51,2.32,1.394,5,0.283,1
g21-badcamp.txt,5,4,gpt-4o-mini,0.5,True,,7.199,15.48,1.98,0.923,5,0.276,1
g22-rdadmp.txt,1,0,gpt-4o-mini,0.5,True,,27.581,13.27,1.96,0.319,26,0.262,1
g22-rdadmp.txt,1,1,gpt-4o-mini,0.5,True,,11.497,10.19,2.58,1.497,9,0,1
g22-rdadmp.txt,1,2,gpt-4o-mini,0.5,False,Unknown callee: Notification,1000028.0,8.43,2.03,,,,
g22-rdadmp.txt,1,3,gpt-4o-mini,0.5,True,,13.44,10.14,1.93,1.44,9,0,3
g22-rdadmp.txt,1,4,gpt-4o-mini,0.5,True,,13.119,9.9,2.0,0.99,10,0.129,2
g22-rdadmp.txt,1,5,gpt-4o-mini,0.5,True,,13.481,9.0,2.31,0.481,11,0,2
g22-rdadmp.txt,1,6,gpt-4o-mini,0.5,False,Unknown callee: Notification,1000028.0,10.42,2.17,,,,
g22-rdadmp.txt,1,7,gpt-4o-mini,0.5,True,,66.888,23.13,2.07,0.48,65,0.408,1
g22-rdadmp.txt,1,8,gpt-4o-mini,0.5,True,,9.952,10.8,2.12,0.952,7,0,2
g22-rdadmp.txt,1,9,gpt-4o-mini,0.5,True,,30.673,12.36,2.33,0.409,28,0.264,2
g22-rdadmp.txt,2,0,gpt-4o-mini,0.5,False,Unknown callee: Notification,1000028.0,10.02,1.97,0.952,7,0,2
g22-rdadmp.txt,2,1,gpt-4o-mini,0.5,True,,21.993,13.2,2.15,0.971,18,0.022,3
g22-rdadmp.txt,2,2,gpt-4o-mini,0.5,True,,20.712,10.95,2.01,1.712,15,0,4
g22-rdadmp.txt,2,3,gpt-4o-mini,0.5,True,,10.629999999999999,11.01,2.26,0.495,7,0.135,3
g22-rdadmp.txt,2,4,gpt-4o-mini,0.5,False,Unknown callee: Notification,1000028.0,10.97,2.62,0.481,11,0,2
g22-rdadmp.txt,2,0,gpt-4o-mini,0.5,True,,9.952,10.6,3.74,0.952,7,0,2
g22-rdadmp.txt,2,1,gpt-4o-mini,0.5,True,,9.952,10.56,2.02,0.952,7,0,2
g22-rdadmp.txt,2,2,gpt-4o-mini,0.5,True,,9.952,12.19,1.98,0.952,7,0,2
g22-rdadmp.txt,2,3,gpt-4o-mini,0.5,True,,9.952,10.33,1.99,0.952,7,0,2
g22-rdadmp.txt,2,4,gpt-4o-mini,0.5,True,,7.5,10.39,2.14,0.5,5,0,2
g22-rdadmp.txt,3,0,gpt-4o-mini,0.5,True,,7.5,9.19,2.16,0.5,5,0,2
g22-rdadmp.txt,3,1,gpt-4o-mini,0.5,True,,9.952,10.76,2.39,0.952,7,0,2
g22-rdadmp.txt,3,2,gpt-4o-mini,0.5,True,,9.952,8.96,1.97,0.952,7,0,2
g22-rdadmp.txt,3,3,gpt-4o-mini,0.5,True,,7.5,69.77,2.0,0.5,5,0,2
g22-rdadmp.txt,3,4,gpt-4o-mini,0.5,True,,9.952,10.16,2.09,0.952,7,0,2
g22-rdadmp.txt,3,0,gpt-4o-mini,0.5,True,,7.5,9.87,2.19,0.5,5,0,2
g22-rdadmp.txt,3,1,gpt-4o-mini,0.5,True,,9.952,10.31,2.42,0.952,7,0,2
g22-rdadmp.txt,3,2,gpt-4o-mini,0.5,True,,9.952,11.57,2.43,0.952,7,0,2
g22-rdadmp.txt,3,3,gpt-4o-mini,0.5,True,,8.873000000000001,9.87,1.99,0.873,6,0,2
g22-rdadmp.txt,3,4,gpt-4o-mini,0.5,True,,8.873000000000001,10.02,2.12,0.873,6,0,2
g22-rdadmp.txt,4,0,gpt-4o-mini,0.5,True,,7.471,9.7,2.41,0.471,5,0,2
g22-rdadmp.txt,4,1,gpt-4o-mini,0.5,True,,7.5,9.35,2.02,0.5,5,0,2
g22-rdadmp.txt,4,2,gpt-4o-mini,0.5,True,,8.873000000000001,11.96,3.81,0.873,6,0,2
g22-rdadmp.txt,4,3,gpt-4o-mini,0.5,True,,8.873000000000001,14.87,3.77,0.873,6,0,2
g22-rdadmp.txt,4,4,gpt-4o-mini,0.5,True,,8.873000000000001,11.1,2.09,0.873,6,0,2
g22-rdadmp.txt,4,0,gpt-4o-mini,0.5,True,,7.5,10.43,1.98,0.5,5,0,2
g22-rdadmp.txt,4,1,gpt-4o-mini,0.5,True,,7.5,9.77,2.45,0.5,5,0,2
g22-rdadmp.txt,4,2,gpt-4o-mini,0.5,True,,7.5,11.74,3.76,0.5,5,0,2
g22-rdadmp.txt,4,3,gpt-4o-mini,0.5,True,,11.452,15.46,1.97,1.452,7,0,3
g22-rdadmp.txt,4,4,gpt-4o-mini,0.5,True,,7.5,9.91,2.31,0.5,5,0,2
g22-rdadmp.txt,5,0,gpt-4o-mini,0.5,True,,7.5,9.88,2.08,0.5,5,0,2
g22-rdadmp.txt,5,1,gpt-4o-mini,0.5,True,,9.952,10.47,1.96,0.952,7,0,2
g22-rdadmp.txt,5,2,gpt-4o-mini,0.5,True,,7.5,9.95,3.51,0.5,5,0,2
g22-rdadmp.txt,5,3,gpt-4o-mini,0.5,True,,7.5,10.3,1.97,0.5,5,0,2
g22-rdadmp.txt,5,4,gpt-4o-mini,0.5,True,,7.5,11.51,2.07,0.5,5,0,2
g22-rdadmp.txt,5,0,gpt-4o-mini,0.5,True,,7.5,8.91,2.41,0.5,5,0,2
g22-rdadmp.txt,5,1,gpt-4o-mini,0.5,True,,7.5,11.09,2.1,0.5,5,0,2
g22-rdadmp.txt,5,2,gpt-4o-mini,0.5,True,,7.5,10.89,2.03,0.5,5,0,2
g22-rdadmp.txt,5,3,gpt-4o-mini,0.5,True,,7.5,10.83,2.02,0.5,5,0,2
g22-rdadmp.txt,5,4,gpt-4o-mini,0.5,True,,7.471,11.53,2.28,0.471,5,0,2
g23-archivesspace.txt,1,0,gpt-4o-mini,0.5,True,,20.074,11.96,2.14,0.847,18,0.227,1
g23-archivesspace.txt,1,1,gpt-4o-mini,0.5,False,Unknown callee: Notification,1000028.0,11.65,2.04,,,,
g23-archivesspace.txt,1,2,gpt-4o-mini,0.5,False,Unknown callee: Notification,1000028.0,14.66,2.11,,,,
g23-archivesspace.txt,1,3,gpt-4o-mini,0.5,False,Unknown callee: Notification,1000028.0,13.79,1.93,,,,
g23-archivesspace.txt,1,4,gpt-4o-mini,0.5,True,,16.628999999999998,12.45,2.21,1.323,14,0.306,1
g23-archivesspace.txt,1,5,gpt-4o-mini,0.5,True,,20.022,12.99,2.01,0.872,17,0.15,2
g23-archivesspace.txt,1,6,gpt-4o-mini,0.5,False,Unknown callee: Notification,1000028.0,14.8,2.04,,,,
g23-archivesspace.txt,1,7,gpt-4o-mini,0.5,True,,20.075,14.26,1.97,0.851,17,0.224,2
g23-archivesspace.txt,1,8,gpt-4o-mini,0.5,True,,16.997999999999998,14.75,4.1,0.815,15,0.183,1
g23-archivesspace.txt,1,9,gpt-4o-mini,0.5,False,Unknown callee: Notification,1000028.0,14.58,2.06,,,,
g23-archivesspace.txt,2,0,gpt-4o-mini,0.5,False,Unknown callee: Notification,1000028.0,17.9,2.04,1.323,14,0.306,1
g23-archivesspace.txt,2,1,gpt-4o-mini,0.5,True,,17.223,12.34,2.08,1.033,15,0.19,1
g23-archivesspace.txt,2,2,gpt-4o-mini,0.5,True,,19.511,16.55,2.25,2.306,16,0.205,1
g23-archivesspace.txt,2,3,gpt-4o-mini,0.5,True,,14.987,13.74,1.94,0.859,13,0.128,1
g23-archivesspace.txt,2,4,gpt-4o-mini,0.5,True,,15.843,12.31,2.12,1.66,13,0.183,1
g23-archivesspace.txt,2,0,gpt-4o-mini,0.5,True,,18.997,11.39,2.03,0.872,17,0.125,1
g23-archivesspace.txt,2,1,gpt-4o-mini,0.5,True,,17.582,18.5,2.17,1.334,15,0.248,1
g23-archivesspace.txt,2,2,gpt-4o-mini,0.5,True,,18.997,14.14,2.01,0.872,17,0.125,1
g23-archivesspace.txt,2,3,gpt-4o-mini,0.5,True,,18.582,20.15,2.0,1.334,15,0.248,2
g23-archivesspace.txt,2,4,gpt-4o-mini,0.5,True,,17.567999999999998,11.41,2.02,1.323,14,0.245,2
g23-archivesspace.txt,3,0,gpt-4o-mini,0.5,False,Unknown callee: Notification,1000028.0,16.28,2.39,0.859,13,0.128,1
g23-archivesspace.txt,3,1,gpt-4o-mini,0.5,True,,14.142,10.04,2.03,0.844,12,0.298,1
g23-archivesspace.txt,3,2,gpt-4o-mini,0.5,True,,15.030000000000001,11.28,2.23,0.871,13,0.159,1
g23-archivesspace.txt,3,3,gpt-4o-mini,0.5,True,,17.567999999999998,12.28,2.02,1.323,14,0.245,2
g23-archivesspace.txt,3,4,gpt-4o-mini,0.5,True,,16.567999999999998,13.95,2.27,1.323,14,0.245,1
g23-archivesspace.txt,3,0,gpt-4o-mini,0.5,False,Unknown callee: Notification,1000028.0,10.72,3.6,,,,
g23-archivesspace.txt,3,1,gpt-4o-mini,0.5,True,,17.223,24.08,2.04,1.033,15,0.19,1
g23-archivesspace.txt,3,2,gpt-4o-mini,0.5,True,,17.582,15.71,2.04,1.334,15,0.248,1
g23-archivesspace.txt,3,3,gpt-4o-mini,0.5,True,,17.582,14.2,2.38,1.334,15,0.248,1
g23-archivesspace.txt,3,4,gpt-4o-mini,0.5,True,,15.533999999999999,13.1,2.02,1.331,13,0.203,1
g23-archivesspace.txt,4,0,gpt-4o-mini,0.5,True,,16.437,12.83,2.17,1.294,13,0.143,2
g23-archivesspace.txt,4,1,gpt-4o-mini,0.5,False,Unknown callee: Notification,1000028.0,14.76,1.94,0.871,13,0.159,1
g23-archivesspace.txt,4,2,gpt-4o-mini,0.5,True,,18.585,12.32,2.04,1.34,16,0.245,1
g23-archivesspace.txt,4,3,gpt-4o-mini,0.5,True,,18.582,12.87,1.95,1.334,15,0.248,2
g23-archivesspace.txt,4,4,gpt-4o-mini,0.5,True,,17.223,10.82,2.04,1.033,15,0.19,1
g23-archivesspace.txt,4,0,gpt-4o-mini,0.5,True,,16.497,13.22,1.98,1.368,14,0.129,1
g23-archivesspace.txt,4,1,gpt-4o-mini,0.5,True,,17.022000000000002,12.49,2.19,0.872,15,0.15,1
g23-archivesspace.txt,4,2,gpt-4o-mini,0.5,True,,16.558,12.84,3.94,1.352,14,0.206,1
g23-archivesspace.txt,4,3,gpt-4o-mini,0.5,True,,15.533999999999999,12.99,2.02,1.331,13,0.203,1
g23-archivesspace.txt,4,4,gpt-4o-mini,0.5,True,,15.533999999999999,20.57,2.12,1.331,13,0.203,1
g23-archivesspace.txt,5,0,gpt-4o-mini,0.5,True,,15.533999999999999,11.8,3.08,1.331,13,0.203,1
g23-archivesspace.txt,5,1,gpt-4o-mini,0.5,True,,15.533999999999999,12.73,2.17,1.331,13,0.203,1
g23-archivesspace.txt,5,2,gpt-4o-mini,0.5,True,,18.506,13.86,2.05,1.285,16,0.221,1
g23-archivesspace.txt,5,3,gpt-4o-mini,0.5,True,,16.497,14.03,2.03,1.368,14,0.129,1
g23-archivesspace.txt,5,4,gpt-4o-mini,0.5,True,,15.533999999999999,14.04,2.05,1.331,13,0.203,1
g23-archivesspace.txt,5,0,gpt-4o-mini,0.5,True,,15.533999999999999,13.56,2.07,1.331,13,0.203,1
g23-archivesspace.txt,5,1,gpt-4o-mini,0.5,True,,15.533999999999999,12.55,2.02,1.331,13,0.203,1
g23-archivesspace.txt,5,2,gpt-4o-mini,0.5,True,,15.533999999999999,12.44,2.13,1.331,13,0.203,1
g23-archivesspace.txt,5,3,gpt-4o-mini,0.5,True,,15.533999999999999,11.82,2.02,1.331,13,0.203,1
g23-archivesspace.txt,5,4,gpt-4o-mini,0.5,True,,15.533999999999999,18.13,2.14,1.331,13,0.203,1
g24-unibath.txt,1,0,gpt-4o-mini,0.5,False,Unknown callee: Notification,1000028.0,14.89,2.03,,,,
g24-unibath.txt,1,1,gpt-4o-mini,0.5,False,Unknown callee: Notification,1000028.0,16.17,2.15,,,,
g24-unibath.txt,1,2,gpt-4o-mini,0.5,True,,15.133,14.17,2.34,2.889,11,0.244,1
g24-unibath.txt,1,3,gpt-4o-mini,0.5,False,Unknown callee: Notification,1000028.0,15.19,2.0,,,,
g24-unibath.txt,1,4,gpt-4o-mini,0.5,False,Unknown callee: Notification,1000028.0,18.33,2.02,,,,
g24-unibath.txt,1,5,gpt-4o-mini,0.5,False,Unknown callee: Notification,1000028.0,13.05,2.02,,,,
g24-unibath.txt,1,6,gpt-4o-mini,0.5,False,Unknown callee: Notification,1000028.0,12.44,1.95,,,,
g24-unibath.txt,1,7,gpt-4o-mini,0.5,False,Unknown callee: Notification,1000028.0,13.78,1.97,,,,
g24-unibath.txt,1,8,gpt-4o-mini,0.5,True,,13.827,14.91,2.09,3.629,8,0.198,2
g24-unibath.txt,1,9,gpt-4o-mini,0.5,False,Unknown callee: Notification,1000028.0,11.88,2.21,,,,
g24-unibath.txt,2,0,gpt-4o-mini,0.5,False,Unknown callee: Notification,1000028.0,14.17,1.96,3.629,8,0.198,2
g24-unibath.txt,2,1,gpt-4o-mini,0.5,True,,15.731000000000002,17.02,2.28,2.495,12,0.236,1
g24-unibath.txt,2,2,gpt-4o-mini,0.5,False,Unknown callee: Notification,1000028.0,16.17,1.99,,,,
g24-unibath.txt,2,3,gpt-4o-mini,0.5,True,,10.705,12.85,2.67,2.574,7,0.131,1
g24-unibath.txt,2,4,gpt-4o-mini,0.5,False,Unknown callee: Notification,1000028.0,14.72,2.14,,,,
g24-unibath.txt,2,0,gpt-4o-mini,0.5,True,,8.239,12.64,1.95,1.933,4,0.306,2
g24-unibath.txt,2,1,gpt-4o-mini,0.5,True,,14.229000000000001,17.09,1.95,2.881,10,0.348,1
g24-unibath.txt,2,2,gpt-4o-mini,0.5,True,,14.229000000000001,15.02,1.92,2.881,10,0.348,1
g24-unibath.txt,2,3,gpt-4o-mini,0.5,True,,8.578,12.12,2.01,2.289,5,0.289,1
g24-unibath.txt,2,4,gpt-4o-mini,0.5,True,,15.133,14.46,2.01,2.889,11,0.244,1
g24-unibath.txt,3,0,gpt-4o-mini,0.5,True,,13.196000000000002,16.74,1.92,3.002,8,0.194,2
g24-unibath.txt,3,1,gpt-4o-mini,0.5,True,,13.892,13.9,2.02,2.646,10,0.246,1
g24-unibath.txt,3,2,gpt-4o-mini,0.5,False,Unknown callee: Notification,1000028.0,27.81,2.05,2.574,7,0.131,1
g24-unibath.txt,3,3,gpt-4o-mini,0.5,True,,14.229000000000001,15.97,2.02,2.881,10,0.348,1
g24-unibath.txt,3,4,gpt-4o-mini,0.5,True,,16.237,16.14,2.0,2.886,12,0.351,1
g24-unibath.txt,3,0,gpt-4o-mini,0.5,True,,10.686,15.47,2.56,2.574,7,0.112,1
g24-unibath.txt,3,1,gpt-4o-mini,0.5,True,,9.983,13.15,1.97,2.705,6,0.278,1
g24-unibath.txt,3,2,gpt-4o-mini,0.5,True,,8.806,12.07,2.03,2.677,5,0.129,1
g24-unibath.txt,3,3,gpt-4o-mini,0.5,True,,10.125,14.61,2.47,1.847,6,0.278,2
g24-unibath.txt,3,4,gpt-4o-mini,0.5,True,,8.578,12.5,1.97,2.289,5,0.289,1
g24-unibath.txt,4,0,gpt-4o-mini,0.5,True,,8.578,12.07,2.02,2.289,5,0.289,1
g24-unibath.txt,4,1,gpt-4o-mini,0.5,True,,10.705,13.05,1.96,2.574,7,0.131,1
g24-unibath.txt,4,2,gpt-4o-mini,0.5,True,,14.229000000000001,16.43,2.25,2.881,10,0.348,1
g24-unibath.txt,4,3,gpt-4o-mini,0.5,True,,10.125,13.47,2.07,1.847,6,0.278,2
g24-unibath.txt,4,4,gpt-4o-mini,0.5,True,,8.02,18.92,2.05,2.853,4,0.167,1
g24-unibath.txt,4,0,gpt-4o-mini,0.5,True,,11.125,15.66,2.0,1.847,6,0.278,3
g24-unibath.txt,4,1,gpt-4o-mini,0.5,True,,8.578,15.55,2.0,2.289,5,0.289,1
g24-unibath.txt,4,2,gpt-4o-mini,0.5,True,,8.966,13.95,2.39,2.677,5,0.289,1
g24-unibath.txt,4,3,gpt-4o-mini,0.5,True,,8.578,12.69,2.19,2.289,5,0.289,1
g24-unibath.txt,4,4,gpt-4o-mini,0.5,True,,8.806,15.06,2.08,2.677,5,0.129,1
g24-unibath.txt,5,0,gpt-4o-mini,0.5,True,,9.022,11.19,2.54,2.872,5,0.15,1
g24-unibath.txt,5,1,gpt-4o-mini,0.5,True,,8.578,12.72,2.38,2.289,5,0.289,1
g24-unibath.txt,5,2,gpt-4o-mini,0.5,True,,8.578,12.06,3.83,2.289,5,0.289,1
g24-unibath.txt,5,3,gpt-4o-mini,0.5,True,,8.578,14.19,2.05,2.289,5,0.289,1
g24-unibath.txt,5,4,gpt-4o-mini,0.5,True,,8.806,13.09,2.01,2.677,5,0.129,1
g24-unibath.txt,5,0,gpt-4o-mini,0.5,True,,8.578,12.99,1.95,2.289,5,0.289,1
g24-unibath.txt,5,1,gpt-4o-mini,0.5,True,,8.578,14.15,3.94,2.289,5,0.289,1
g24-unibath.txt,5,2,gpt-4o-mini,0.5,True,,8.578,12.14,2.0,2.289,5,0.289,1
g24-unibath.txt,5,3,gpt-4o-mini,0.5,True,,8.578,12.78,1.99,2.289,5,0.289,1
g24-unibath.txt,5,4,gpt-4o-mini,0.5,True,,8.578,11.67,2.13,2.289,5,0.289,1
g25-duraspace.txt,1,0,gpt-4o-mini,0.5,True,,40.602,21.93,2.25,1.04,38,0.562,1
g25-duraspace.txt,1,1,gpt-4o-mini,0.5,True,,98.94,37.66,2.12,0.593,97,0.347,1
g25-duraspace.txt,1,2,gpt-4o-mini,0.5,True,,44.73800000000001,22.73,2.24,0.459,43,0.279,1
g25-duraspace.txt,1,3,gpt-4o-mini,0.5,False,Unknown callee: Notification,1000028.0,12.73,2.04,,,,
g25-duraspace.txt,1,4,gpt-4o-mini,0.5,True,,41.304,19.29,1.91,0.776,39,0.528,1
g25-duraspace.txt,1,5,gpt-4o-mini,0.5,True,,17.988,12.63,2.05,1.559,15,0.429,1
g25-duraspace.txt,1,6,gpt-4o-mini,0.5,True,,37.877,22.09,2.02,1.101,34,0.776,2
g25-duraspace.txt,1,7,gpt-4o-mini,0.5,True,,39.46,32.24,2.06,0.902,37,0.558,1
g25-duraspace.txt,1,8,gpt-4o-mini,0.5,True,,32.706999999999994,21.43,2.47,0.438,31,0.269,1
g25-duraspace.txt,1,9,gpt-4o-mini,0.5,True,,44.431,25.5,2.01,0.851,42,0.58,1
g25-duraspace.txt,2,0,gpt-4o-mini,0.5,True,,38.301,27.17,2.83,1.692,33,0.609,3
g25-duraspace.txt,2,1,gpt-4o-mini,0.5,True,,38.852,22.0,1.97,1.455,35,0.397,2
g25-duraspace.txt,2,2,gpt-4o-mini,0.5,True,,35.298,19.87,2.22,0.729,33,0.569,1
g25-duraspace.txt,2,3,gpt-4o-mini,0.5,True,,40.586999999999996,24.03,2.0,1.044,38,0.543,1
g25-duraspace.txt,2,4,gpt-4o-mini,0.5,True,,32.524,22.27,2.01,1.002,29,0.522,2
g25-duraspace.txt,2,0,gpt-4o-mini,0.5,True,,37.584999999999994,19.87,2.15,1.032,35,0.553,1
g25-duraspace.txt,2,1,gpt-4o-mini,0.5,True,,8.39,13.33,2.24,0.89,5,0.5,2
g25-duraspace.txt,2,2,gpt-4o-mini,0.5,True,,37.877,26.9,2.01,1.101,34,0.776,2
g25-duraspace.txt,2,3,gpt-4o-mini,0.5,True,,37.877,24.1,2.02,1.101,34,0.776,2
g25-duraspace.txt,2,4,gpt-4o-mini,0.5,True,,34.682,21.31,2.51,1.087,31,0.595,2
g25-duraspace.txt,3,0,gpt-4o-mini,0.5,True,,32.706999999999994,23.09,1.99,0.438,31,0.269,1
g25-duraspace.txt,3,1,gpt-4o-mini,0.5,True,,10.154,14.45,2.07,1.943,6,0.211,2
g25-duraspace.txt,3,2,gpt-4o-mini,0.5,True,,9.447,21.28,2.17,1.29,5,0.157,3
g25-duraspace.txt,3,3,gpt-4o-mini,0.5,True,,37.355,24.75,1.9,0.924,34,0.431,2
g25-duraspace.txt,3,4,gpt-4o-mini,0.5,True,,7.753,11.93,2.18,1.633,5,0.12,1
g25-duraspace.txt,3,0,gpt-4o-mini,0.5,True,,31.796,20.48,2.1,1.233,28,0.563,2
g25-duraspace.txt,3,1,gpt-4o-mini,0.5,True,,8.548,9.45,1.99,1.323,5,0.225,2
g25-duraspace.txt,3,2,gpt-4o-mini,0.5,True,,8.773,9.78,1.97,1.323,5,0.45,2
g25-duraspace.txt,3,3,gpt-4o-mini,0.5,True,,32.524,23.72,2.46,1.002,29,0.522,2
g25-duraspace.txt,3,4,gpt-4o-mini,0.5,True,,34.684,22.26,1.99,1.114,31,0.57,2
g25-duraspace.txt,4,0,gpt-4o-mini,0.5,True,,8.295,10.95,1.96,1.955,5,0.34,1
g25-duraspace.txt,4,1,gpt-4o-mini,0.5,True,,36.730999999999995,22.43,2.1,1.129,33,0.602,2
g25-duraspace.txt,4,2,gpt-4o-mini,0.5,True,,34.682,19.65,2.0,1.087,31,0.595,2
g25-duraspace.txt,4,3,gpt-4o-mini,0.5,True,,8.69,14.23,1.98,1.69,5,0,2
g25-duraspace.txt,4,4,gpt-4o-mini,0.5,True,,17.195999999999998,12.5,2.0,1.635,13,0.561,2
g25-duraspace.txt,4,0,gpt-4o-mini,0.5,True,,8.803,13.46,2.33,1.723,5,0.08,2
g25-duraspace.txt,4,1,gpt-4o-mini,0.5,True,,7.803,15.69,6.01,1.723,5,0.08,1
g25-duraspace.txt,4,2,gpt-4o-mini,0.5,True,,8.931000000000001,13.29,2.13,1.851,5,0.08,2
g25-duraspace.txt,4,3,gpt-4o-mini,0.5,True,,9.116,13.74,1.94,1.756,5,0.36,2
g25-duraspace.txt,4,4,gpt-4o-mini,0.5,True,,8.803,15.46,2.23,1.723,5,0.08,2
g25-duraspace.txt,5,0,gpt-4o-mini,0.5,True,,7.803,11.39,2.0,1.723,5,0.08,1
g25-duraspace.txt,5,1,gpt-4o-mini,0.5,True,,32.777,18.73,1.98,1.231,29,0.546,2
g25-duraspace.txt,5,2,gpt-4o-mini,0.5,True,,8.757,13.0,1.97,1.69,5,0.067,2
g25-duraspace.txt,5,3,gpt-4o-mini,0.5,True,,8.893,12.9,2.27,1.813,5,0.08,2
g25-duraspace.txt,5,4,gpt-4o-mini,0.5,True,,8.803,10.45,1.92,1.723,5,0.08,2
g25-duraspace.txt,5,0,gpt-4o-mini,0.5,True,,8.69,14.45,3.66,1.69,5,0,2
g25-duraspace.txt,5,1,gpt-4o-mini,0.5,True,,8.69,14.74,2.0,1.69,5,0,2
g25-duraspace.txt,5,2,gpt-4o-mini,0.5,True,,8.215,11.83,2.09,1.955,5,0.26,1
g25-duraspace.txt,5,3,gpt-4o-mini,0.5,True,,8.69,13.99,1.95,1.69,5,0,2
g25-duraspace.txt,5,4,gpt-4o-mini,0.5,True,,8.803,13.17,1.98,1.723,5,0.08,2
g26-racdam.txt,1,0,gpt-4o-mini,0.5,True,,43.55,24.85,1.96,0.974,41,0.576,1
g26-racdam.txt,1,1,gpt-4o-mini,0.5,True,,32.065,19.4,2.51,1.306,29,0.759,1
g26-racdam.txt,1,2,gpt-4o-mini,0.5,True,,17.742,19.43,2.08,1.437,15,0.305,1
g26-racdam.txt,1,3,gpt-4o-mini,0.5,True,,52.663000000000004,24.25,2.02,1.076,50,0.587,1
g26-racdam.txt,1,4,gpt-4o-mini,0.5,True,,46.898,26.56,2.02,1.459,44,0.439,1
g26-racdam.txt,1,5,gpt-4o-mini,0.5,True,,34.542,17.28,2.01,0.984,32,0.558,1
g26-racdam.txt,1,6,gpt-4o-mini,0.5,True,,30.142,18.71,1.98,1.5,27,0.642,1
g26-racdam.txt,1,7,gpt-4o-mini,0.5,True,,44.166,23.64,2.23,1.516,41,0.65,1
g26-racdam.txt,1,8,gpt-4o-mini,0.5,True,,51.505,23.04,1.96,0.93,49,0.575,1
g26-racdam.txt,1,9,gpt-4o-mini,0.5,True,,27.63,19.72,2.6,1,25,0.63,1
g26-racdam.txt,2,0,gpt-4o-mini,0.5,True,,49.066,27.17,3.6,1.46,46,0.606,1
g26-racdam.txt,2,1,gpt-4o-mini,0.5,True,,32.275000000000006,20.12,3.65,0.855,30,0.42,1
g26-racdam.txt,2,2,gpt-4o-mini,0.5,True,,50.54,26.77,3.59,0.955,48,0.585,1
g26-racdam.txt,2,3,gpt-4o-mini,0.5,True,,29.703,20.22,3.74,1.328,27,0.375,1
g26-racdam.txt,2,4,gpt-4o-mini,0.5,True,,31.268,21.4,3.82,0.87,29,0.398,1
g26-racdam.txt,2,0,gpt-4o-mini,0.5,True,,7.576,12.99,3.61,1.343,5,0.233,1
g26-racdam.txt,2,1,gpt-4o-mini,0.5,True,,7.769,12.77,3.61,1.461,5,0.308,1
g26-racdam.txt,2,2,gpt-4o-mini,0.5,True,,10.756,13.57,2.23,1.264,8,0.492,1
g26-racdam.txt,2,3,gpt-4o-mini,0.5,True,,7.873,8.28,3.46,1.356,5,0.517,1
g26-racdam.txt,2,4,gpt-4o-mini,0.5,True,,7.228000000000001,8.46,3.77,0.961,5,0.267,1
g26-racdam.txt,3,0,gpt-4o-mini,0.5,True,,7.228000000000001,7.8,2.03,0.961,5,0.267,1
g26-racdam.txt,3,1,gpt-4o-mini,0.5,True,,7.228000000000001,8.06,2.25,0.961,5,0.267,1
g26-racdam.txt,3,2,gpt-4o-mini,0.5,True,,7.67,8.98,1.92,1.423,5,0.247,1
g26-racdam.txt,3,3,gpt-4o-mini,0.5,True,,8.266,11.95,2.0,1.733,5,0.533,1
g26-racdam.txt,3,4,gpt-4o-mini,0.5,True,,7.084,10.23,2.18,0.871,5,0.213,1
g26-racdam.txt,3,0,gpt-4o-mini,0.5,True,,11.612,12.44,2.0,1.366,8,0.246,2
g26-racdam.txt,3,1,gpt-4o-mini,0.5,True,,8.713000000000001,10.06,3.61,1.433,5,0.28,2
g26-racdam.txt,3,2,gpt-4o-mini,0.5,True,,8.193999999999999,10.6,1.97,1.933,5,0.261,1
g26-racdam.txt,3,3,gpt-4o-mini,0.5,True,,10.671999999999999,13.4,2.04,1.456,8,0.216,1
g26-racdam.txt,3,4,gpt-4o-mini,0.5,True,,7.641,10.23,4.07,1.394,5,0.247,1
g26-racdam.txt,4,0,gpt-4o-mini,0.5,True,,8.994,9.43,3.56,1.361,6,0.633,1
g26-racdam.txt,4,1,gpt-4o-mini,0.5,True,,7.298,9.07,2.05,0.99,5,0.308,1
g26-racdam.txt,4,2,gpt-4o-mini,0.5,True,,7.61,9.72,1.97,1.343,5,0.267,1
g26-racdam.txt,4,3,gpt-4o-mini,0.5,True,,8.17,15.51,2.31,1.827,5,0.343,1
g26-racdam.txt,4,4,gpt-4o-mini,0.5,True,,7.401,8.09,2.54,0.99,5,0.411,1
g26-racdam.txt,4,0,gpt-4o-mini,0.5,True,,7.228000000000001,7.76,1.99,0.961,5,0.267,1
g26-racdam.txt,4,1,gpt-4o-mini,0.5,True,,7.228000000000001,7.87,2.07,0.961,5,0.267,1
g26-racdam.txt,4,2,gpt-4o-mini,0.5,True,,8.193,11.12,2.04,0.943,6,0.25,1
g26-racdam.txt,4,3,gpt-4o-mini,0.5,True,,11.962,12.59,1.94,1.619,9,0.343,1
g26-racdam.txt,4,4,gpt-4o-mini,0.5,True,,7.228000000000001,10.89,1.96,0.961,5,0.267,1
g26-racdam.txt,5,0,gpt-4o-mini,0.5,True,,7.228000000000001,9.96,1.99,0.961,5,0.267,1
g26-racdam.txt,5,1,gpt-4o-mini,0.5,True,,10.207,12.36,2.1,0.974,8,0.233,1
g26-racdam.txt,5,2,gpt-4o-mini,0.5,True,,7.228000000000001,8.0,2.58,0.961,5,0.267,1
g26-racdam.txt,5,3,gpt-4o-mini,0.5,True,,10.802,9.8,1.99,1.433,8,0.369,1
g26-racdam.txt,5,4,gpt-4o-mini,0.5,True,,7.5680000000000005,7.39,2.1,0.99,5,0.578,1
g26-racdam.txt,5,0,gpt-4o-mini,0.5,True,,7.228000000000001,8.55,2.12,0.961,5,0.267,1
g26-racdam.txt,5,1,gpt-4o-mini,0.5,True,,10.324,9.88,3.66,1,8,0.324,1
g26-racdam.txt,5,2,gpt-4o-mini,0.5,True,,7.228000000000001,9.86,2.22,0.961,5,0.267,1
g26-racdam.txt,5,3,gpt-4o-mini,0.5,True,,10.255,10.34,3.81,0.984,8,0.271,1
g26-racdam.txt,5,4,gpt-4o-mini,0.5,True,,7.228000000000001,8.99,2.0,0.961,5,0.267,1
g27-culrepo.txt,1,0,gpt-4o-mini,0.5,True,,12.193999999999999,13.74,2.3,1.594,9,0.6,1
g27-culrepo.txt,1,1,gpt-4o-mini,0.5,True,,11.779,12.08,2.03,1.484,8,0.295,2
g27-culrepo.txt,1,2,gpt-4o-mini,0.5,True,,11.198,12.99,2.07,2.945,7,0.253,1
g27-culrepo.txt,1,3,gpt-4o-mini,0.5,True,,13.229000000000001,13.1,1.95,1.929,10,0.3,1
g27-culrepo.txt,1,4,gpt-4o-mini,0.5,True,,10.572,12.86,2.0,1.972,7,0.6,1
g27-culrepo.txt,1,5,gpt-4o-mini,0.5,True,,13.869,12.19,1.97,1.571,10,0.298,2
g27-culrepo.txt,1,6,gpt-4o-mini,0.5,True,,8.755,12.47,2.06,2.555,5,0.2,1
g27-culrepo.txt,1,7,gpt-4o-mini,0.5,True,,14.178,15.1,2.26,1.871,10,0.307,2
g27-culrepo.txt,1,8,gpt-4o-mini,0.5,True,,12.296999999999999,12.77,2.18,1.847,9,0.45,1
g27-culrepo.txt,1,9,gpt-4o-mini,0.5,True,,15.691,13.62,2.42,1.432,13,0.259,1
g27-culrepo.txt,2,0,gpt-4o-mini,0.5,True,,14.093,15.63,2.12,1.82,10,0.273,2
g27-culrepo.txt,2,1,gpt-4o-mini,0.5,True,,12.27,13.15,2.28,1.887,8,0.383,2
g27-culrepo.txt,2,2,gpt-4o-mini,0.5,True,,14.088000000000001,13.88,2.41,2.801,10,0.287,1
g27-culrepo.txt,2,3,gpt-4o-mini,0.5,True,,15.008000000000001,14.77,2.5,1.868,9,0.14,4
g27-culrepo.txt,2,4,gpt-4o-mini,0.5,True,,13.578,12.36,2.05,2.434,9,0.144,2
g27-culrepo.txt,2,0,gpt-4o-mini,0.5,True,,11.41,13.21,1.95,3.177,7,0.233,1
g27-culrepo.txt,2,1,gpt-4o-mini,0.5,True,,12.106,13.05,2.0,1.704,8,0.402,2
g27-culrepo.txt,2,2,gpt-4o-mini,0.5,True,,9.504999999999999,13.96,2.08,2.998,5,0.507,1
g27-culrepo.txt,2,3,gpt-4o-mini,0.5,True,,11.198,11.98,2.07,2.945,7,0.253,1
g27-culrepo.txt,2,4,gpt-4o-mini,0.5,True,,8.755,13.93,3.83,2.555,5,0.2,1
g27-culrepo.txt,3,0,gpt-4o-mini,0.5,True,,8.755,13.99,2.0,2.555,5,0.2,1
g27-culrepo.txt,3,1,gpt-4o-mini,0.5,True,,10.938,15.92,2.05,2.531,7,0.407,1
g27-culrepo.txt,3,2,gpt-4o-mini,0.5,True,,11.41,18.08,2.17,3.177,7,0.233,1
g27-culrepo.txt,3,3,gpt-4o-mini,0.5,True,,9.271,14.85,2.04,2.998,5,0.273,1
g27-culrepo.txt,3,4,gpt-4o-mini,0.5,True,,12.133999999999999,13.35,2.03,1.732,8,0.402,2
g27-culrepo.txt,3,0,gpt-4o-mini,0.5,True,,9.504999999999999,13.46,1.99,2.998,5,0.507,1
g27-culrepo.txt,3,1,gpt-4o-mini,0.5,True,,8.755,13.84,1.99,2.555,5,0.2,1
g27-culrepo.txt,3,2,gpt-4o-mini,0.5,True,,9.504999999999999,12.41,2.22,2.998,5,0.507,1
g27-culrepo.txt,3,3,gpt-4o-mini,0.5,True,,8.755,13.45,2.04,2.555,5,0.2,1
g27-culrepo.txt,3,4,gpt-4o-mini,0.5,True,,8.755,12.67,2.02,2.555,5,0.2,1
g27-culrepo.txt,4,0,gpt-4o-mini,0.5,True,,8.755,12.84,2.01,2.555,5,0.2,1
g27-culrepo.txt,4,1,gpt-4o-mini,0.5,True,,8.755,12.98,2.04,2.555,5,0.2,1
g27-culrepo.txt,4,2,gpt-4o-mini,0.5,True,,8.755,17.33,1.98,2.555,5,0.2,1
g27-culrepo.txt,4,3,gpt-4o-mini,0.5,True,,8.755,13.92,2.03,2.555,5,0.2,1
g27-culrepo.txt,4,4,gpt-4o-mini,0.5,True,,11.41,13.48,1.97,3.177,7,0.233,1
g27-culrepo.txt,4,0,gpt-4o-mini,0.5,True,,8.755,17.08,2.27,2.555,5,0.2,1
g27-culrepo.txt,4,1,gpt-4o-mini,0.5,True,,8.755,12.72,2.5,2.555,5,0.2,1
g27-culrepo.txt,4,2,gpt-4o-mini,0.5,True,,8.755,13.68,2.18,2.555,5,0.2,1
g27-culrepo.txt,4,3,gpt-4o-mini,0.5,True,,9.271,13.73,2.07,2.998,5,0.273,1
g27-culrepo.txt,4,4,gpt-4o-mini,0.5,True,,9.225999999999999,13.38,1.96,2.998,5,0.228,1
g27-culrepo.txt,5,0,gpt-4o-mini,0.5,True,,8.755,12.52,1.97,2.555,5,0.2,1
g27-culrepo.txt,5,1,gpt-4o-mini,0.5,True,,8.755,13.43,2.09,2.555,5,0.2,1
g27-culrepo.txt,5,2,gpt-4o-mini,0.5,True,,8.755,14.58,3.99,2.555,5,0.2,1
g27-culrepo.txt,5,3,gpt-4o-mini,0.5,True,,8.755,13.55,2.0,2.555,5,0.2,1
g27-culrepo.txt,5,4,gpt-4o-mini,0.5,True,,8.755,12.7,2.02,2.555,5,0.2,1
g27-culrepo.txt,5,0,gpt-4o-mini,0.5,True,,8.755,12.98,2.07,2.555,5,0.2,1
g27-culrepo.txt,5,1,gpt-4o-mini,0.5,True,,8.755,11.14,2.0,2.555,5,0.2,1
g27-culrepo.txt,5,2,gpt-4o-mini,0.5,True,,8.755,11.9,2.02,2.555,5,0.2,1
g27-culrepo.txt,5,3,gpt-4o-mini,0.5,True,,8.755,12.04,2.26,2.555,5,0.2,1
g27-culrepo.txt,5,4,gpt-4o-mini,0.5,True,,8.755,12.33,1.97,2.555,5,0.2,1
g28-zooniverse.txt,1,0,gpt-4o-mini,0.5,True,,33.517,26.78,2.45,0.926,31,0.591,1
g28-zooniverse.txt,1,1,gpt-4o-mini,0.5,True,,10.219000000000001,16.31,1.98,0.681,8,0.538,1
g28-zooniverse.txt,1,2,gpt-4o-mini,0.5,False,Unknown callee: Notification,1000028.0,21.29,2.09,,,,
g28-zooniverse.txt,1,3,gpt-4o-mini,0.5,False,Unknown callee: Notification,1000028.0,25.72,2.02,,,,
g28-zooniverse.txt,1,4,gpt-4o-mini,0.5,False,Unknown callee: Notification,1000028.0,18.07,5.42,,,,
g28-zooniverse.txt,1,5,gpt-4o-mini,0.5,False,Unknown callee: Notification,1000028.0,22.57,2.31,,,,
g28-zooniverse.txt,1,6,gpt-4o-mini,0.5,True,,17.639,19.92,1.97,1.917,13,0.722,2
g28-zooniverse.txt,1,7,gpt-4o-mini,0.5,False,Unknown callee: Notification,1000028.0,23.67,2.08,,,,
g28-zooniverse.txt,1,8,gpt-4o-mini,0.5,False,Unknown callee: Notification,1000028.0,16.66,1.93,,,,
g28-zooniverse.txt,1,9,gpt-4o-mini,0.5,False,Unknown callee: Notification,1000028.0,21.86,2.11,,,,
g28-zooniverse.txt,2,0,gpt-4o-mini,0.5,False,Unknown callee: Notification,1000028.0,24.13,2.04,0.681,8,0.538,1
g28-zooniverse.txt,2,1,gpt-4o-mini,0.5,False,Unknown callee: Notification,1000028.0,23.06,2.17,1.917,13,0.722,2
g28-zooniverse.txt,2,2,gpt-4o-mini,0.5,False,Unknown callee: Notification,1000028.0,23.85,1.96,0.926,31,0.591,1
g28-zooniverse.txt,2,3,gpt-4o-mini,0.5,False,Unknown callee: Notification,1000028.0,20.0,2.29,,,,
g28-zooniverse.txt,2,4,gpt-4o-mini,0.5,False,Unknown callee: Notification,1000028.0,27.66,2.04,,,,
g28-zooniverse.txt,2,0,gpt-4o-mini,0.5,True,,10.219000000000001,13.29,1.94,0.681,8,0.538,1
g28-zooniverse.txt,2,1,gpt-4o-mini,0.5,True,,10.256,15.23,2.04,1.544,7,0.712,1
g28-zooniverse.txt,2,2,gpt-4o-mini,0.5,True,,12.254000000000001,17.41,2.0,1.483,8,0.771,2
g28-zooniverse.txt,2,3,gpt-4o-mini,0.5,True,,34.122,21.84,1.97,1.398,31,0.724,1
g28-zooniverse.txt,2,4,gpt-4o-mini,0.5,True,,34.122,20.82,2.0,1.398,31,0.724,1
g28-zooniverse.txt,3,0,gpt-4o-mini,0.5,True,,10.219000000000001,13.78,2.0,0.681,8,0.538,1
g28-zooniverse.txt,3,1,gpt-4o-mini,0.5,True,,34.122,21.51,2.07,1.398,31,0.724,1
g28-zooniverse.txt,3,2,gpt-4o-mini,0.5,True,,16.317,18.67,3.51,1.528,13,0.789,1
g28-zooniverse.txt,3,3,gpt-4o-mini,0.5,True,,10.251,13.97,1.99,1.544,7,0.707,1
g28-zooniverse.txt,3,4,gpt-4o-mini,0.5,True,,34.122,21.91,2.2,1.398,31,0.724,1
g28-zooniverse.txt,3,0,gpt-4o-mini,0.5,True,,12.245000000000001,16.66,2.22,1.483,8,0.762,2
g28-zooniverse.txt,3,1,gpt-4o-mini,0.5,True,,11.238000000000001,16.04,2.04,1.483,8,0.755,1
g28-zooniverse.txt,3,2,gpt-4o-mini,0.5,True,,12.254000000000001,18.41,2.31,1.483,8,0.771,2
g28-zooniverse.txt,3,3,gpt-4o-mini,0.5,True,,11.267000000000001,16.14,2.0,1.525,8,0.742,1
g28-zooniverse.txt,3,4,gpt-4o-mini,0.5,True,,12.152,17.49,2.07,1.466,9,0.686,1
g28-zooniverse.txt,4,0,gpt-4o-mini,0.5,True,,10.219000000000001,12.64,1.98,0.681,8,0.538,1
g28-zooniverse.txt,4,1,gpt-4o-mini,0.5,True,,11.221,13.46,2.34,1.525,8,0.696,1
g28-zooniverse.txt,4,2,gpt-4o-mini,0.5,True,,11.238000000000001,31.46,1.99,1.483,8,0.755,1
g28-zooniverse.txt,4,3,gpt-4o-mini,0.5,True,,10.251,14.88,2.03,1.544,7,0.707,1
g28-zooniverse.txt,4,4,gpt-4o-mini,0.5,True,,12.238000000000001,29.61,2.13,1.483,8,0.755,2
g28-zooniverse.txt,4,0,gpt-4o-mini,0.5,True,,11.238000000000001,21.62,2.09,1.483,8,0.755,1
g28-zooniverse.txt,4,1,gpt-4o-mini,0.5,True,,11.238000000000001,14.43,1.98,1.483,8,0.755,1
g28-zooniverse.txt,4,2,gpt-4o-mini,0.5,True,,11.238000000000001,15.22,2.07,1.483,8,0.755,1
g28-zooniverse.txt,4,3,gpt-4o-mini,0.5,True,,11.238000000000001,14.49,2.23,1.483,8,0.755,1
g28-zooniverse.txt,4,4,gpt-4o-mini,0.5,True,,11.238000000000001,14.43,2.31,1.483,8,0.755,1
g28-zooniverse.txt,5,0,gpt-4o-mini,0.5,True,,10.219000000000001,14.18,2.24,0.681,8,0.538,1
g28-zooniverse.txt,5,1,gpt-4o-mini,0.5,True,,11.238000000000001,16.93,2.13,1.483,8,0.755,1
g28-zooniverse.txt,5,2,gpt-4o-mini,0.5,True,,34.122,22.33,2.41,1.398,31,0.724,1
g28-zooniverse.txt,5,3,gpt-4o-mini,0.5,True,,11.233,16.02,2.04,1.483,8,0.75,1
g28-zooniverse.txt,5,4,gpt-4o-mini,0.5,True,,11.238000000000001,15.22,2.11,1.483,8,0.755,1
g28-zooniverse.txt,5,0,gpt-4o-mini,0.5,True,,10.219000000000001,14.72,2.05,0.681,8,0.538,1
g28-zooniverse.txt,5,1,gpt-4o-mini,0.5,True,,10.219000000000001,14.7,2.3,0.681,8,0.538,1
g28-zooniverse.txt,5,2,gpt-4o-mini,0.5,True,,10.251,13.67,2.05,1.544,7,0.707,1
g28-zooniverse.txt,5,3,gpt-4o-mini,0.5,True,,11.263,14.09,2.1,1.506,8,0.757,1
g28-zooniverse.txt,5,4,gpt-4o-mini,0.5,True,,11.221,14.62,2.22,1.525,8,0.696,1
